"ID","Holle_ID","Language_ID","Parameter_ID","Form","English","Indonesian","Comment","Source"
1,"1","eno1895","1-BODY","kǎrāhā, koedŏdŏkŏ","body","badan, tubuh","","stokhof1987"
2,"2","eno1895","2-HEAD","èoeloe/èoedoe","head","kepala","kikŏba (EN: back of the head; ID:- ) <1>","stokhof1987"
3,"3","eno1895","3-FACE","èbaka","face","muka, wajah","","stokhof1987"
4,"4","eno1895","4-FOREHEAD","èkoe(k)","forehead","dahi","","stokhof1987"
5,"5","eno1895","5-SKULL","èaoeloe","skull","tempurung kepala","","stokhof1987"
6,"6","eno1895","6-HAIR","poeroeroe èoeloe","hair","rambut","","stokhof1987"
7,"8","eno1895","7-CROWN (OF HEAD)","kèlĕkèlĕ poeĕkā","crown","hulu kepala","","stokhof1987"
8,"9","eno1895","8-EAR","kariehā, kaliehĕ","ear","telinga","","stokhof1987"
9,"11","eno1895","9-EYE","èbaka","eye","mata","","stokhof1987"
10,"15","eno1895","10-EYEBROW","koepènobaka","eyebrow","alis (tunggal)","","stokhof1987"
11,"17","eno1895","11-TEAR (OF EYE)","bèbaka","tear","air mata (tunggal)","","stokhof1987"
12,"18","eno1895","12-NOSE","èfanoe, èpanoe","nose","hidung","","stokhof1987"
13,"21","eno1895","13-CHEEK","èfāfā","cheek","pipi","","stokhof1987"
14,"22","eno1895","14-MOUTH","èkāā","mouth","mulut","","stokhof1987"
15,"25","eno1895","15-LIP","koelīfŏ","lips","bibir (jamak)","","stokhof1987"
16,"27","eno1895","16-MOUSTACHE","pārŏrīpŏ","moustache","kumis","","stokhof1987"
17,"28","eno1895","17-BEARD","parŏrīpŏ","goatee","janggut seperti, janggut kambing","","stokhof1987"
18,"29","eno1895","18-CHIN","èki(k)","chin","dagu","","stokhof1987"
19,"30","eno1895","19-BEARD","fārŏrīfŏ","beard","janggut","","stokhof1987"
20,"31","eno1895","20-TONGUE","èlieŏ, èdieŏ","tongue","lidah","","stokhof1987"
21,"32","eno1895","21-PALATE","kinoe-oeka","palate","langit-langit","","stokhof1987"
22,"33","eno1895","22-TOOTH","nienie","tooth","gigi","","stokhof1987"
23,"34","eno1895","23-MOLAR TOOTH","nienie","molar","geraham","","stokhof1987"
24,"35","eno1895","24-GUMS","kĕmoekā(k)","gums","gusi","","stokhof1987"
25,"37","eno1895","25-THROAT","kīnoeoekă","throat","kerongkongan","","stokhof1987"
26,"38","eno1895","26-NECK","ehanoe(k)","neck","leher","","stokhof1987"
27,"40","eno1895","27-NAPE (OF NECK)","èokahaĕ","nape","tengkuk","","stokhof1987"
28,"41","eno1895","28-CHEST","èămah","chest, breast (male)","dada (laki-laki, jamak)","","stokhof1987"
29,"42","eno1895","29-BREAST","èkŏkŏ(k)","breasts (female)","dada (perempuan, jamak)","","stokhof1987"
30,"45","eno1895","30-NIPPLE","èkŏkŏ(k)","nipple","puting susu","","stokhof1987"
31,"46","eno1895","31-BREAST MILK","bèkŏkŏ(k)","breast milk","air susu","","stokhof1987"
32,"47","eno1895","32-BREAST MILK","bèkŏkŏ(k)","breast milk","air susu","","stokhof1987"
33,"48","eno1895","33-SUCKLE (BREASTFEED, NURSE)","pākŏkŏ(k), kaporiĕ","to suck at the breast","menyusu","","stokhof1987"
34,"50","eno1895","34-RIB","eà oekoe","rib","tulang rusuk","","stokhof1987"
35,"51","eno1895","35-LUNG","bŏbŏ","lung","paru-paru","","stokhof1987"
36,"52","eno1895","36-HEART","èbākoe","heart","jantung","","stokhof1987"
37,"53","eno1895","37-STOMACH","fèkoe(k), pèkoe(k)","stomach","lambung","","stokhof1987"
38,"54","eno1895","38-BELLY","èkiedai","belly","perut","","stokhof1987"
39,"56","eno1895","39-LIVER","kèma","liver","hati","","stokhof1987"
40,"61","eno1895","40-NAVEL","èfoekĕ","navel","pusat","","stokhof1987"
41,"62","eno1895","41-UMBILICAL CORD","èfoekĕ","umbilical cord","tali pusat","","stokhof1987"
42,"63","eno1895","42-BACK","èkahāe, hahapaoe","back","belakang, punggung","","stokhof1987"
43,"66","eno1895","43-SHOULDERBLADE","kèkĕ","shoulderblade","tulang belikat","","stokhof1987"
44,"68","eno1895","44-BUTTOCKS","èhokai","buttock","pantat bagian kiri atau kanan","","stokhof1987"
45,"69","eno1895","45-BUTTOCKS","èhokai","posterior, buttocks","pantat","","stokhof1987"
46,"70","eno1895","46-NA","poeri(k), jo(k)","tailbone, coccyx","tulang tungging, tulang ekor","","stokhof1987"
47,"72","eno1895","47-SHIT (DEFECATE)","amaika, apiok, èhaie","to defecate","berak","amaika, apiok, èhaie (EN:- ; ID:- ) <2>","stokhof1987"
48,"73","eno1895","48-FAECES (EXCREMENT)","amaika, apiok, èhaie","faeces","tahi","amaika, apiok, èhaie (EN:- ; ID:- ) <2>","stokhof1987"
49,"75","eno1895","49-FART","èoekoe(k)","to fart","berkentut","","stokhof1987"
50,"77","eno1895","50-PENIS","hèla poewe","penis","batang pelir","èfoè, èhoenè (EN: erection; ID: pelir) <3>","stokhof1987"
51,"78","eno1895","51-VAGINA","eè","vagina","puki, liang peranakan","konīnī (EN: clitoris; ID:- ) <4>","stokhof1987"
52,"82","eno1895","52-PISS","hamaiko, kamaiko, wamaiko, è(i)ko, abakiŏbè","to urinate","kencing (k.k.)","hamaiko, kamaiko, wamaiko, è(i)ko, abakiŏbè (EN:- ; ID:- ) <5>","stokhof1987"
53,"83","eno1895","53-URINE","hamaiko, kamaiko, wamaiko, è(i)ko, abakiŏbè","piss, urine","air kencing (k.b.)","hamaiko, kamaiko, wamaiko, è(i)ko, abakiŏbè (EN:- ; ID:- ) <5>","stokhof1987"
54,"84","eno1895","54-LEG","ija(k)è","leg","kaki","","stokhof1987"
55,"86","eno1895","55-FOOT","ija(k)è","foot","kaki","","stokhof1987"
56,"87","eno1895","56-SOLE (FOOT)","hèŏwaj","sole of the foot","telapak kaki","","stokhof1987"
57,"88","eno1895","57-ANKLE","kariha wae","ankle","buku kaki, pergelangan kaki","","stokhof1987"
58,"89","eno1895","58-HEEL","èijŏ","heel","tumit","","stokhof1987"
59,"90","eno1895","59-UPPER LEG (THIGH)","èăpara","thigh","paha","","stokhof1987"
60,"91","eno1895","60-KNEE","èpoe","knee","lutut","","stokhof1987"
61,"93","eno1895","61-CALF OF LEG","fiŏ-fiŏ","calf","betis","","stokhof1987"
62,"95","eno1895","62-ARM","pārāhāoedie","arm","lengan","","stokhof1987"
63,"97","eno1895","63-HAND","èafŏ","hand","tangan","","stokhof1987"
64,"99","eno1895","64-ARMPIT","alŏfāa","armpit","ketiak","","stokhof1987"
65,"100","eno1895","65-ELBOW","èfoe(k) oeafĕ","elbow","siku","","stokhof1987"
66,"102","eno1895","66-PALM OF HAND","hèoafĕ","palm of the hand","telapak tangan","","stokhof1987"
67,"105","eno1895","67-FINGER","minoe apŏ","fingers","jari tangan (jamak)","","stokhof1987"
68,"107","eno1895","68-FINGERNAIL OR TOENAIL","kau-apŏ, kaunoeoenoe","(finger)nail","kuku","","stokhof1987"
69,"108","eno1895","69-THUMB","naè apo","thumb","ibu jari","","stokhof1987"
70,"112","eno1895","70-LITTLE FINGER","naèapo nokie","little finger","kelingking","","stokhof1987"
71,"115","eno1895","71-BONE","èā","bone","tulang","","stokhof1987"
72,"116","eno1895","72-BLOOD","kijakki (kija'kki?)","blood","darah","kija'kki?","stokhof1987"
73,"117","eno1895","73-FLESH OR MEAT","èhèla","flesh","daging","","stokhof1987"
74,"118","eno1895","74-TENDON","èŏkŏ","tendon","urat","","stokhof1987"
75,"121","eno1895","75-SKIN","ĕoelie","skin","kulit","","stokhof1987"
76,"122/123","eno1895","76-NA","foeroeroe","its","-nya","","stokhof1987"
77,"124","eno1895","77-SWEAT (SUBSTANCE)","èoemo(k)","sweat","keringat","","stokhof1987"
78,"125","eno1895","78-SALIVA","èitŏfĕ","saliva","ludah","","stokhof1987"
79,"127","eno1895","79-BREATH OR BREATHE","ahŏpŏ(k)","to breath","bernapas","","stokhof1987"
80,"128","eno1895","80-EAT","amĕnŏ(k)","to eat","makan","","stokhof1987"
81,"129","eno1895","81-BE HUNGRY","kŏnjŏk, èabanjŏk","hungry","lapar","","stokhof1987"
82,"130","eno1895","82-DRINK","iedjo","to drink","minum","","stokhof1987"
83,"132","eno1895","83-THIRSTY","kihoeĕ","thirsty","haus","","stokhof1987"
84,"137","eno1895","84-SWALLOW","kŏdŏ(k)","to swallow","telan","","stokhof1987"
85,"138","eno1895","85-SLEEP","oewŏhŏ","to sleep","tidur","","stokhof1987"
86,"139/140","eno1895","86-NA","māāniha","dream","mimpi","","stokhof1987"
87,"144","eno1895","87-STAND","maènoe","to stand","berdiri","","stokhof1987"
88,"145","eno1895","88-WALK","bakŏkoĕ kafoekakō","to walk","berjalan","bakŏkoĕ kafoekakō (EN: in the forest; ID:- ) <6>","stokhof1987"
89,"145","eno1895","89-WALK","bahèdie","to walk","berjalan","bahèdie (EN: to walk on the beach; ID:- ) <6>","stokhof1987"
90,"145","eno1895","90-WALK","kifoea","to walk","berjalan","kifoea (EN: to run away; ID:- ) <6>","stokhof1987"
91,"145","eno1895","91-WALK","èèkowĕ","to walk","berjalan","èèkowĕ (EN:- ; ID: djalan) <6>","stokhof1987"
92,"146","eno1895","92-LIE (REST)","bararau","to lie supine","telentang","","stokhof1987"
93,"147","eno1895","93-LIE DOWN","bakie ŏfŏ","to lie prone","tiarap","pāfĕĕ (EN: to lie on one's side; ID:- ) <7>","stokhof1987"
94,"148","eno1895","94-LIE DOWN","wakahadŏ","to lie","berbaring","","stokhof1987"
95,"149","eno1895","95-SIT DOWN","èhekoe","to sit (on a chair)","duduk (di atas kursi)","","stokhof1987"
96,"150","eno1895","96-NA","pakomakja","to sit (with the legs crossed)","bersila","èhèkoe (EN: to perch; ID:- ) <8>","stokhof1987"
97,"152","eno1895","97-SQUAT","pakowèh","to squat","berjongkok","","stokhof1987"
98,"153","eno1895","98-SWIM","māākŏ","to swim","berenang","","stokhof1987"
99,"154","eno1895","99-WASH","abaikĕ, kabakīdjŏ","to take a bath","mandi","","stokhof1987"
100,"156","eno1895","100-STUTTER","kiparariŏ","to stammer","gagap","","stokhof1987"
101,"158","eno1895","101-VOICE","èdjie","voice","suara","","stokhof1987"
102,"160","eno1895","102-SHOUT","èfaŏ(k) wa(k)","to shout","berteriak","","stokhof1987"
103,"161","eno1895","103-LAUGH","abaoekakaj, ĕo(k)oi","to laugh","tertawa","","stokhof1987"
104,"163","eno1895","104-CRY","bèlo","to weep","menangis","","stokhof1987"
105,"165","eno1895","105-SMILE","èo(k)oi","to smile","tersenyum","","stokhof1987"
106,"166","eno1895","106-NA","kipŏdŏ","to sigh","berkeluh kesah, mengeluh","","stokhof1987"
107,"167","eno1895","107-SPIT","ahītŏ(k)","to spit","meludah","","stokhof1987"
108,"169","eno1895","108-SNEEZE","èāfākoe","to sneeze","bersin","","stokhof1987"
109,"170","eno1895","109-COUGH","èèhè","to cough","batuk","","stokhof1987"
110,"176","eno1895","110-YAWN","èfāwāfŏ","to yawn","menguap","","stokhof1987"
111,"177","eno1895","111-NA","kaoewa(k)","to nod","mengangguk","","stokhof1987"
112,"182","eno1895","112-BE ALIVE","kŏŏda","to live (alive)","hidup","","stokhof1987"
113,"183","eno1895","113-DIE","hŏpanènèĕ","to die","meninggal dunia","","stokhof1987"
114,"185","eno1895","114-DEAD","kaaĕ, baaĕ","dead","mati","","stokhof1987"
115,"188","eno1895","115-CORPSE","kabakè","corpse","mayat","","stokhof1987"
116,"191","eno1895","116-GRAVE","èamaha","grave","kuburan","","stokhof1987"
117,"192","eno1895","117-KILL","patăhālè","to kill","membunuh","","stokhof1987"
118,"193","eno1895","118-INHERIT","ĕèma","to inherit","mewarisi","","stokhof1987"
119,"194","eno1895","119-NA","èa kanapoeĕ","inheritance","warisan","èa kanapoeĕ (EN:- ; ID:- ) <9>","stokhof1987"
120,"194","eno1895","120-NA","èa kanapoeĕ","inheritance","warisan","nèneg (EN:- ; ID: parang) <9>","stokhof1987"
121,"194","eno1895","121-NA","èa kanapoeĕ","inheritance","warisan","èdoboe naafoeaka(k) (tjoetjoe) (EN:- ; ID: barang poesaka) <9>","stokhof1987"
122,"196","eno1895","122-WOUND","kadihoekā, iabahoekā, kīīdōka","wound","luka","kadihoekā, iabahoekā, kīīdōka (EN:- ; ID:- ) <10>","stokhof1987"
123,"197","eno1895","123-INFECTED","èoedafak","an infected wound","luka bernanah","","stokhof1987"
124,"198","eno1895","124-SCAR","djako","scar","bekas luka","","stokhof1987"
125,"199","eno1895","125-SICK","kafoehĕ, kapoehŏ","ill","sakit","","stokhof1987"
126,"200","eno1895","126-SICK","kafoehĕ","to be ill","merasa sakit","","stokhof1987"
127,"201","eno1895","127-HURT (SENSE PAIN)","kafoehĕ","to (be in) pain","merasa sakit","","stokhof1987"
128,"202","eno1895","128-HEALTHY","kāoewŏ","healthy","sehat","","stokhof1987"
129,"203","eno1895","129-BOIL (OF SKIN)","kĕlèpè","boil","bisul","","stokhof1987"
130,"205","eno1895","130-FEVER","èadoh","fever","demam (k.b.)","","stokhof1987"
131,"207","eno1895","131-NA","kapoehŏ kidai","stomach ache","sakit perut","","stokhof1987"
132,"209","eno1895","132-DIARRHEA","ĕjoe","diarrhoea","menceret (k.b.)","","stokhof1987"
133,"210","eno1895","133-SMALLPOX","nanaoeni","small pox","cacar","","stokhof1987"
134,"211","eno1895","134-MEASLES","nanaoeni","measles","campak","","stokhof1987"
135,"214","eno1895","135-NA","pakoenoejĕ, èoefoe(k), piŏnā","eruption (of rash)","ruam","pakoenoejĕ, èoefoe(k), piŏnā (EN:- ; ID:- ) <11>","stokhof1987"
136,"216","eno1895","136-NA","èla akowĕ","framboesia","patek","","stokhof1987"
137,"219","eno1895","137-HEADACHE","kapoehŏ èoeloe","headache","sakit kepala, pusing","","stokhof1987"
138,"220","eno1895","138-NA","kapoehŏ èa","rheumatism","sengal, encok","","stokhof1987"
139,"222","eno1895","139-COMMON COLD (DISEASE)","ènèĕ, ĕkihŏ","a cold","selesma","","stokhof1987"
140,"223","eno1895","140-NA","kifafakoe(k)","gone to sleep (limbs)","kesemutan","","stokhof1987"
141,"224","eno1895","141-NA","kamakoewa","cramp","kejang","","stokhof1987"
142,"225","eno1895","142-NA","kiŏnŏk","paralysed","lumpuh","","stokhof1987"
143,"226","eno1895","143-LAME","kehèko(k)ĕ, kiho(k)ja, kifarai","crippled","timpang","kehèko(k)ĕ, kiho(k)ja, kifarai (EN:- ; ID:- ) <12>","stokhof1987"
144,"227","eno1895","144-MUTE PERSON","kifalai èbeo","mute","bisu","","stokhof1987"
145,"228","eno1895","145-DEAF PERSON","kifèhŏdŏ","deaf","tuli","","stokhof1987"
146,"229","eno1895","146-BLIND","kakèbara, kakènèbaka","blind","buta","","stokhof1987"
147,"231","eno1895","147-SQUINT-EYED","kipakahariebaka","squinting","juling","kakèbara, kakèlabaĕ (EN: not seeing well; ID:- ) <13>","stokhof1987"
148,"232","eno1895","148-CURE","hŏbaoeĕ, hokŏrŏŏ","cured","sembuh","","stokhof1987"
149,"233","eno1895","149-MEDICINE","habèlĕk","medicine","obat","","stokhof1987"
150,"235","eno1895","150-SHAMAN (FOLK HEALER)","koahaijĕ","doctor (medicine man)","dokter (dukun)","","stokhof1987"
151,"236","eno1895","151-PERSON","èhāhā(k)","man, mankind","manusia","","stokhof1987"
152,"237","eno1895","152-PEOPLE","èhāhā(k)","people","orang","","stokhof1987"
153,"238","eno1895","153-PEOPLE","èhāhā(k)","people","orang","","stokhof1987"
154,"239","eno1895","154-NAME","nioennā tīō","name","nama","","stokhof1987"
155,"240","eno1895","155-NAME","kapapo ĕ","nickname","julukan","","stokhof1987"
156,"241","eno1895","156-MALE PERSON","èmanī","man","orang laki-laki","","stokhof1987"
157,"242","eno1895","157-WOMAN","èhōda","woman","orang perempuan","","stokhof1987"
158,"243/244","eno1895","158-NA","èmanī","male","pria","","stokhof1987"
159,"245/246","eno1895","159-NA","èhōda","female","perempuan","","stokhof1987"
160,"248/249","eno1895","160-NA","foinana(k), po(k)inamok","virgin, virginity","perawan, keperawanan","","stokhof1987"
161,"250","eno1895","161-BOY OR SON","ehaw, pananamie","boy, lad","anak laki-laki","","stokhof1987"
162,"252","eno1895","162-GIRL","nŏwèk, amiemie","girl","gadis","","stokhof1987"
163,"255","eno1895","163-FATHER","ama, amana","father","ayah","ama (EN: referring to one's father; ID:- ) <14>","stokhof1987"
164,"255","eno1895","164-FATHER","ama, amana","father","ayah","amana (EN: calling one's father; ID:- ) <14>","stokhof1987"
165,"256","eno1895","165-MOTHER","naè, naèna","mother","ibu","naè (EN: referring to one's mother; ID:- ) <15>","stokhof1987"
166,"256","eno1895","166-MOTHER","naè, naèna","mother","ibu","naèna (EN: calling one's mother; ID:- ) <15>","stokhof1987"
167,"257/258","eno1895","167-NA","èara","child","anak","","stokhof1987"
168,"261","eno1895","168-SON","èara manie","son","anak laki-laki","","stokhof1987"
169,"262","eno1895","169-DAUGHTER","èara hōda","daughter","anak perempuan","","stokhof1987"
170,"263","eno1895","170-GRANDFATHER","oefoenai","grandfather","nenek laki-laki (kakek)","","stokhof1987"
171,"264","eno1895","171-GRANDMOTHER","na(k) poenana","grandmother","nenek perempuan (nenek)","","stokhof1987"
172,"267","eno1895","172-ANCESTORS","na(k) poewanahalè (lama)","ancestors","leluhur, nenek moyang","","stokhof1987"
173,"268","eno1895","173-BROTHER","āāoe(k)","brother","saudara laki-laki","","stokhof1987"
174,"269","eno1895","174-SISTER","āāoe(k)","sister","saudara perempuan","","stokhof1987"
175,"270/271","eno1895","175-NA","èāāk","elder brother, elder sister","kakak laki-laki, kakak perempuan","","stokhof1987"
176,"272/273","eno1895","176-NA","èhai(k)","younger brother, younger sister","adik laki-laki, adik perempuan","","stokhof1987"
177,"274","eno1895","177-GRANDCHILD","na afoeaa(k)","grandchild","cucu","","stokhof1987"
178,"275/276","eno1895","178-NA","kahaoewĕ","uncle","paman","","stokhof1987"
179,"281/282","eno1895","179-NA","kahaoewĕ","aunt","tante","","stokhof1987"
180,"287-294","eno1895","180-NA","èlahŏ, èara kahaoewĕ","cousin, niece","sepupu, keponakan perempuan","","stokhof1987"
181,"299","eno1895","181-SON-IN-LAW","èdadoe èara","son-in-law","menantu laki-laki","","stokhof1987"
182,"300","eno1895","182-DAUGHTER-IN-LAW","lahiboekĕ èara","daughter-in-law","menantu perempuan","","stokhof1987"
183,"302","eno1895","183-STEPSON","oewakipăkoekă","stepson","anak tiri laki-laki","","stokhof1987"
184,"304","eno1895","184-NA","dipăkoekă","stepparents","ayah dan ibu tiri","","stokhof1987"
185,"315","eno1895","185-FAMILY","anŏ(k)","related","keluarga","","stokhof1987"
186,"316","eno1895","186-NA","kèābāoewā āno(k)","unrelated","bukan keluarga","","stokhof1987"
187,"317","eno1895","187-HUSBAND","dadoe(k), èanŏ(k)","husband","suami","","stokhof1987"
188,"318","eno1895","188-WIFE","lahè boewă(k)","wife","istri","","stokhof1987"
189,"326","eno1895","189-COUNTRY","èloffo","country","negara","","stokhof1987"
190,"328","eno1895","190-VILLAGE","kaoedara","main village","desa utama","","stokhof1987"
191,"339","eno1895","191-GHOST","kowèk","ghost","setan","","stokhof1987"
192,"340","eno1895","192-SPIRIT","hantoe, èkowèk kaoeè","spirit","ruh baik","","stokhof1987"
193,"341","eno1895","193-DEMON","hantoe, èkowèk kiŏha","evil spirit","ruh jahat","","stokhof1987"
194,"343/344","eno1895","194-NA","ĕhĕla","soul, spirit (living, dead)","jiwa, roh (hidup, mati)","","stokhof1987"
195,"351","eno1895","195-NA","baridaha","writing","tulisan","","stokhof1987"
196,"353","eno1895","196-PAPER","pānānahoe","paper","kertas","","stokhof1987"
197,"354","eno1895","197-LETTER","pānānahoe","letter","surat","","stokhof1987"
198,"355","eno1895","198-BOOK","pānānahoe","book","buku","","stokhof1987"
199,"357","eno1895","199-NA","èdjiekanafoeĕ bŏdŏ","history, legend","sejarah, legenda","","stokhof1987"
200,"358","eno1895","200-POETRY","èhèboe","poem","sanjak, syair","","stokhof1987"
201,"359","eno1895","201-SONG","èhèboe","tune, melody","nyanyian","","stokhof1987"
202,"366","eno1895","202-NA","kodāpākāhā, kèkiĕ abŏdō, kodanŏŏ","the afterlife","kehidupan setelah mati","kodāpākāhā, kèkiĕ abŏdō, kodanŏŏ (EN:- ; ID:- ) <16>","stokhof1987"
203,"367","eno1895","203-NA","kaoewa","virtue","kebajikan","","stokhof1987"
204,"368","eno1895","204-SIN","kiŏhā","sin","dosa","","stokhof1987"
205,"369","eno1895","205-NA","hiārā nŏā","forbidden","pantangan, pemali","","stokhof1987"
206,"370","eno1895","206-NA","èahawĕ","forbidden, taboo","pemali","","stokhof1987"
207,"375","eno1895","207-TEMPLE","èoebatowè, èjahakaoewĕ","holy place","tempat suci","","stokhof1987"
208,"378","eno1895","208-KING","radja","king","raja","","stokhof1987"
209,"380","eno1895","209-MINISTER","mantri","mantri","mantri","","stokhof1987"
210,"382","eno1895","210-PLACE (POSITION)","èjahakowèk","(sacred) place (held in awe)","tempat (menyeramkan)","","stokhof1987"
211,"389","eno1895","211-OLD (AGED)","kafoe","village elders","orang tua-tua","","stokhof1987"
212,"392","eno1895","212-SADNESS","kipara èbahaoe, aoena(k) èbahaoe","unhappiness","kesedihan, kemalangan","","stokhof1987"
213,"394","eno1895","213-SLAVE","pidjaja","slave","budak","(EN:- ; ID: orang menompang) <17>","stokhof1987"
214,"398","eno1895","214-ADJUDICATE","kiàkoebai","to judge","mengadili","","stokhof1987"
215,"399","eno1895","215-PUNISH","kiàkoebai","to punish","menghukum","","stokhof1987"
216,"400","eno1895","216-FINE (PENALTY)","èhoukè","fine","denda","","stokhof1987"
217,"401","eno1895","217-WITNESS","kidĕhoi","witness","saksi","","stokhof1987"
218,"404","eno1895","218-FUNERAL","paèmŏ, kakau","funeral ceremony","upacara kematian, pemakaman","","stokhof1987"
219,"407/408","eno1895","219-NA","palahiboewĕ","marry, marriage","menikah, perkawinan","","stokhof1987"
220,"410","eno1895","220-DIVORCE (SEPARATE)","fakoewĕ","to divorce","bercerai","","stokhof1987"
221,"411","eno1895","221-BRIDE PRICE","oekŏ nainĕ","bride price","mas kawin","","stokhof1987"
222,"413","eno1895","222-GIVE BIRTH","kiŏmahoe, moemahoe","to give birth to","melahirkan","","stokhof1987"
223,"414","eno1895","223-MIDWIFE","kŏhaiĕ","midwife","bidan","","stokhof1987"
224,"415","eno1895","224-ADULTERY","paè","to commit adultery","berzinah","","stokhof1987"
225,"420","eno1895","225-FLUTE","èhijoe","flute","suling","(EN:- ; ID: bersioel) <18>","stokhof1987"
226,"423","eno1895","226-NA","pahoemè","xylophone","gambang","","stokhof1987"
227,"427","eno1895","227-HORN (INSTRUMENT)","kamioe","horn","terompet","(EN: large shell; ID:- ) <19>","stokhof1987"
228,"428","eno1895","228-DANCE","èoekoek","to dance","menari","","stokhof1987"
229,"437","eno1895","229-HOUSE","èobĕ","house","rumah","","stokhof1987"
230,"438","eno1895","230-HUT","èkŏhŏa(k)","hut, shelter","pondok","","stokhof1987"
231,"439","eno1895","231-ROOF","poeroeroedija, èoekoe","roof","atap","","stokhof1987"
232,"441/442","eno1895","232-NA","ko(k)èko(k), anèka, èkèo(k)","roofing","atap","ko(k)èko(k), anèka, èkèo(k) (EN:- ; ID:- ) <20>","stokhof1987"
233,"443/444","eno1895","233-NA","kinŏnŏ","roofing sirap","sirap atap","","stokhof1987"
234,"449","eno1895","234-DOOR","èkarobă","door","daun pintu","","stokhof1987"
235,"451","eno1895","235-WINDOW","èkarobă","window","jendela","","stokhof1987"
236,"453","eno1895","236-STAIRS","èhèja","staircase, steps","tangga, anak tangga","","stokhof1987"
237,"454","eno1895","237-LADDER","èhèja","ladder","tangga","","stokhof1987"
238,"456/457","eno1895","238-NA","emenaha","floor","lantai","adōhè, poefoea(k) (EN: beams supporting the floor; ID:- ) <21>","stokhof1987"
239,"458/459","eno1895","239-NA","èoekoe(k), piefie","enclosure","lampiran","","stokhof1987"
240,"461","eno1895","240-COLUMN","èaahai, kobarieè, koenă(k)","main posts","tiang rumah","èaahai, kobarieè, koenă(k) (EN:- ; ID:- ) <22>","stokhof1987"
241,"462","eno1895","241-COLUMN","pohanoema","ceiling beams","langit-langit rumah, tutup jenang","","stokhof1987"
242,"463","eno1895","242-BED","èoewĕhoă","bed","tempat tidur","","stokhof1987"
243,"464","eno1895","243-CURTAIN","klamboe","curtain","tirai","","stokhof1987"
244,"465","eno1895","244-BEDROOM","èoewĕhoă","sleeping place","kamar tidur","","stokhof1987"
245,"467","eno1895","245-PILLOW","fahoeroe","cylindrical bolster","(bantal) guling","","stokhof1987"
246,"468","eno1895","246-MATTRESS","lapĕ(k), tikar","sleeping mat","tikar","","stokhof1987"
247,"469","eno1895","247-PILLOW","dadŏ èoeloe, èhŏkŏ èoeloe","pillow","bantal","","stokhof1987"
248,"470","eno1895","248-SOFA","èko ĕma","couch","bale-bale","","stokhof1987"
249,"472/473","eno1895","249-NA","èoko ĕ","attic, attic rack","loteng, rak loteng","","stokhof1987"
250,"474","eno1895","250-FIREPLACE","ĕpo(k), èhaĕ","hearth, fireplace","dapur, tungku","","stokhof1987"
251,"475","eno1895","251-FIRE","èjobie, eapoeha, èafauje, pakoehoeĕ","fire","api","èjobie, eapoeha, èafauje, pakoehoeĕ (EN:- ; ID:- ) <23>","stokhof1987"
252,"476","eno1895","252-FIRE","kahihŏ, kidoeroeka","fire","api, kebakaran","","stokhof1987"
253,"477","eno1895","253-LIGHT (IGNITE)","papărie èjobie, kihŏ èjobie","to make a fire","memasang api","","stokhof1987"
254,"478","eno1895","254-EXTINGUISH","poeroe èjobie","to extinguish (with water)","memadamkan api (dengan air)","","stokhof1987"
255,"482","eno1895","255-SMOKE (EXHAUST)","ŏkŏ","smoke","asap","","stokhof1987"
256,"483","eno1895","256-ASH","èīpo(k)","ashes","abu","","stokhof1987"
257,"484","eno1895","257-FIREWOOD","èkoewĕ, doehoekiĕ(k)","fire wood","kayu api","","stokhof1987"
258,"485","eno1895","258-LIGHT (IGNITE)","janieka","to put on (light)","menyalakan (sinar)","","stokhof1987"
259,"486","eno1895","259-EXTINGUISH","poeroe","to put off (light)","memadamkan (sinar)","","stokhof1987"
260,"487","eno1895","260-AREA UNDER HOUSE","ekŏnŏnŏhā, kidjoearŏjĕ","space under the house","kolong rumah","","stokhof1987"
261,"488","eno1895","261-CURTAIN","klamboe","bed curtain","kelambu","","stokhof1987"
262,"489","eno1895","262-BENCH","èhèkoeĕ","bench, seat","bangku untuk duduk","","stokhof1987"
263,"493","eno1895","263-POT","rarieĕ","pot (iron)","kuali (besi), panci (besi)","","stokhof1987"
264,"494","eno1895","264-CLAY POT","èfoefoe, èpoepoe","pot (earthenware)","panci, kuali (tanah liat)","","stokhof1987"
265,"495","eno1895","265-RICE STEAMER","pahoemè","rice kettle (copper)","dandang","","stokhof1987"
266,"496","eno1895","266-RICE STEAMER","pahoemè","rice kettle (earthenware)","kundia","","stokhof1987"
267,"497","eno1895","267-PLATE","ōnèkĕ","dish","piring","","stokhof1987"
268,"498","eno1895","268-CUP","èkainŏ(k), mangkŏ(k)","cup","cangkir","","stokhof1987"
269,"500","eno1895","269-STORING POT","tiko","(tea) pot","poci, teko","","stokhof1987"
270,"505","eno1895","270-KNIFE","èau","knife","pisau","pakamai, fakamai, kaoekaoe (EN:- ; ID:- ) <24>","stokhof1987"
271,"506","eno1895","271-CLEAVER","fèdjie","chopper","parang","fedjie kiēēbārā (EN:- ; ID:- ) <25>","stokhof1987"
272,"506","eno1895","272-CLEAVER","fèdjie","chopper","parang","fedjie kikoedŏtiĕ (EN:- ; ID:- ) <25>","stokhof1987"
273,"508","eno1895","273-SMALL KNIFE","pakamai","dagger","golok","","stokhof1987"
274,"509","eno1895","274-AXE","èkèh","axe, hatchet","kapak","","stokhof1987"
275,"510","eno1895","275-SPOON","sendoq","spoon","sendok","","stokhof1987"
276,"511","eno1895","276-LADLE","sendoq","ladle","ciduk, sendok","","stokhof1987"
277,"514","eno1895","277-BASKET","krandjang","basket (all sorts of)","keranjang (bermacam-macam)","è oenèkè (EN:- ; ID:- ) <26>","stokhof1987"
278,"514","eno1895","278-BASKET","krandjang","basket (all sorts of)","keranjang (bermacam-macam)","kidĕdieĕ (EN:- ; ID:- ) <26>","stokhof1987"
279,"514","eno1895","279-BASKET","krandjang","basket (all sorts of)","keranjang (bermacam-macam)","èŏnŏnie (EN: a larger kind; ID:- ) <26>","stokhof1987"
280,"514","eno1895","280-BASKET","krandjang","basket (all sorts of)","keranjang (bermacam-macam)","èoenèkè (EN: with a lid; ID:- ) <26>","stokhof1987"
281,"514","eno1895","281-BASKET","krandjang","basket (all sorts of)","keranjang (bermacam-macam)","oraj (EN: without a lid (can be folded up); ID:- ) <26>","stokhof1987"
282,"515","eno1895","282-LAMP","lampoe, eajaha(k) jobi","lamp","lampu","","stokhof1987"
283,"516","eno1895","283-NA","soemboe","lamp wick","sumbu lampu","","stokhof1987"
284,"517","eno1895","284-TORCH","mainoe(k)","torch","suluh","kioedŏ (EN:- ; ID: daoen klapa) <27>","stokhof1987"
285,"517","eno1895","285-TORCH","mainoe(k)","torch","suluh","pĕkak (EN: made from the spathe of the coconut tree; ID:- ) <27>","stokhof1987"
286,"519","eno1895","286-BOX OR CHEST","èoebadiĕ","box, case","kotak, dos","","stokhof1987"
287,"520","eno1895","287-WARDROBE","èoebĕ kain","case for cloth","peti pakaian","","stokhof1987"
288,"522","eno1895","288-POT","foefoe","pot, jar","periuk","","stokhof1987"
289,"526","eno1895","289-COOK (SOMETHING)","poeĕda(k)","to cook (in pot)","merebus","","stokhof1987"
290,"525-527","eno1895","290-NA","pahaboehă","to cook","memasak","","stokhof1987"
291,"528","eno1895","291-BAKE","gorèng, pahèkoe","to bake, to grill, to fry","membakar, panggang menggoreng (dengan minyak)","","stokhof1987"
292,"529","eno1895","292-ROAST (SOMETHING)","kè","to roast (in ashes)","bembam","","stokhof1987"
293,"530","eno1895","293-ROAST (SOMETHING)","paboehă, koenajŏ","to grill, to roast","panggang","","stokhof1987"
294,"534","eno1895","294-FOOD","èmèhè(k)","food","makanan","enoho(k) (EN:- ; ID: ikan) <28>","stokhof1987"
295,"535","eno1895","295-NA","amĕna(k) mèhè(k), dŏdŏ mèhè(k)","provisions","bekal","","stokhof1987"
296,"539","eno1895","296-FLESH OR MEAT","hèla kibaka","meat (raw)","daging (mentah)","","stokhof1987"
297,"539/540","eno1895","297-NA","hèla","meat","daging","","stokhof1987"
298,"541","eno1895","298-FISH","eàjo","fish","ikan","","stokhof1987"
299,"544/545","eno1895","299-NA","èara kihŏ","rice (husked raw rice, cooked rice)","nasi (beras mentah, nasi matang)","","stokhof1987"
300,"550","eno1895","300-MORTAR","èpahjoe","rice pounder, mortar","lesung","","stokhof1987"
301,"551","eno1895","301-GRINDSTONE","èdakŏ","pounder","alu","","stokhof1987"
302,"555","eno1895","302-GRIND","èēja(k), bakèkèk, pakakak","to grind","menggiling","èēja(k), bakèkèk, pakakak (EN:- ; ID:- ) <29>","stokhof1987"
303,"560","eno1895","303-CAKE","kadifakoe, parihoja(k)","cake","kue","","stokhof1987"
304,"561","eno1895","304-CONGEE","boeboer","porridge","bubur","","stokhof1987"
305,"562","eno1895","305-PEPPER","kidjie-kidjie, kŏrŏ-kŏrŏ","black pepper","lada hitam","","stokhof1987"
306,"563","eno1895","306-SALT","sajoer","salt","garam","","stokhof1987"
307,"565","eno1895","307-SARONG","koeŏdŏ","sarong","sarung","","stokhof1987"
308,"567","eno1895","308-TROUSERS","karāuwā","trousers","celana","","stokhof1987"
309,"568","eno1895","309-NA","èbājoe, èoefa","kebaya","kebaya","","stokhof1987"
310,"573","eno1895","310-COMB","foeĕhikoe, kīkī, faikiki","comb","sisir","foeĕhikoe, kīkī, faikiki (EN:- ; ID:- ) <30>","stokhof1987"
311,"576","eno1895","311-RING","karihā","ring","cincin","","stokhof1987"
312,"577","eno1895","312-BELT","ènŏmŏnŏmŏ","waist belt/band","ikat pinggang","","stokhof1987"
313,"578","eno1895","313-BELT","èmi(k)ie, èafie","metal waist band","ikat pinggang dari logam","","stokhof1987"
314,"579/580","eno1895","314-NA","kariha oewapŏ","band or ring","band atau ring","","stokhof1987"
315,"583","eno1895","315-EARRING","kariehĕ","earclip","subang","","stokhof1987"
316,"586","eno1895","316-SHAWL","kalènang","shawl","selendang","","stokhof1987"
317,"588","eno1895","317-LOINCLOTH","èaai","loin cloth","cawat","","stokhof1987"
318,"589","eno1895","318-CLOTH","koeŏdŏ, kainèk","cotton fabric (local, European)","tenunan kapas (asli, Eropa)","","stokhof1987"
319,"590","eno1895","319-SILK","kapīdjoe pīdjoe","silk","sutera","","stokhof1987"
320,"592","eno1895","320-CLOTH","pakoewok","flannel","pelanel","","stokhof1987"
321,"600","eno1895","321-BRAID (VERB) OR WEAVE (BASKET)","paioeka","to weave, to plait","menganyam","","stokhof1987"
322,"601","eno1895","322-SPIN","pakākāriē(k)","to twine a rope","memintal tali","","stokhof1987"
323,"602","eno1895","323-ROPE","èko(k)ia, kadīkakālie, èŏkŏ(k)","rope","tali","èko(k)ia, kadīkakālie, èŏkŏ(k) (EN:- ; ID:- ) <31>","stokhof1987"
324,"603","eno1895","324-THREAD","bĕnang","thread, yarn","benang","","stokhof1987"
325,"604","eno1895","325-KNOT","ŏpŏ kabŏkĕ","to knot, to knit","merajut, menyirat","","stokhof1987"
326,"605/606","eno1895","326-NA","èoba kamakŏ","bag or sack","tas atau karung","(EN:- ; ID: tampat tabakoe) <32>","stokhof1987"
327,"608","eno1895","327-SWORD","èhiafo","sabre","parang, kelewang","","stokhof1987"
328,"611","eno1895","328-SPEAR","koewabŏ, èkaoijŏ, èbohè","pike, lance, javelin","tombak, lembing","koewabŏ, èkaoijŏ, èbohè (EN:- ; ID:- ) <33>","stokhof1987"
329,"613","eno1895","329-BOW","èpiko(k)","bow","busur","","stokhof1987"
330,"614","eno1895","330-BOW STRING","ŏkia èpiko(k)","bowstring","tali busur","","stokhof1987"
331,"615","eno1895","331-ARROW","èara èpiko(k)","arrow","anak panah","","stokhof1987"
332,"617","eno1895","332-SHIELD","kīāā","shield","perisai","","stokhof1987"
333,"618","eno1895","333-FLAG","bandèra","flag","bendera","","stokhof1987"
334,"619","eno1895","334-CANNON","pŏŏkie","kind of small cannon","sejenis kanon kecil","","stokhof1987"
335,"620","eno1895","335-PISTOL","pŏŏkie","rifle","bedil (senapan)","","stokhof1987"
336,"621","eno1895","336-GUNPOWDER","pŏŏkie","gun powder","obat bedil","","stokhof1987"
337,"622","eno1895","337-BULLET","èara fŏŏkie","bullet","peluru","","stokhof1987"
338,"623","eno1895","338-SHOOT","afŏŏkie","to shoot","menembak","","stokhof1987"
339,"625","eno1895","339-WAR","pabŏrīkī","to wage war","berperang","","stokhof1987"
340,"626","eno1895","340-WAR","fabŏrīkī, pafoeroe, wakoeabŏ","war","perang","fabŏrīkī, pafoeroe, wakoeabŏ (EN:- ; ID:- ) <34>","stokhof1987"
341,"627","eno1895","341-ENEMY","kapaleàbŏ","enemy","musuh","","stokhof1987"
342,"628","eno1895","342-CANNON","pŏŏkie","cannon","meriam","","stokhof1987"
343,"630","eno1895","343-PEACE","kekŏrŏ ĕ, pakèlie","peace","damai","","stokhof1987"
344,"631","eno1895","344-FORTRESS","anĕma","fortification","benteng (pertahanan)","","stokhof1987"
345,"637","eno1895","345-NA","oewa bakŏhāda, hamba soeroeh orang","delegate","utusan","","stokhof1987"
346,"645","eno1895","346-NA","kīdāhăk, eŏkŏk","dibble","tugal","","stokhof1987"
347,"652","eno1895","347-NA","nanīdŏfŏ","hoe","pacul","","stokhof1987"
348,"653","eno1895","348-NA","èfieĕ","garden","kebun","","stokhof1987"
349,"659","eno1895","349-NA","koefadĕ","fence, hedge","pagar","","stokhof1987"
350,"662/663","eno1895","350-NA","èbaka pieĕ, èofoeè","sow","tabur","","stokhof1987"
351,"666","eno1895","351-NA","bariedāha, abako(k), kŏ(k)ŏ(k), kadŏkŏ","to thresh with the feet","injak padi","bariedāha, abako(k), kŏ(k)ŏ(k), kadŏkŏ (EN:- ; ID:- ) <35>","stokhof1987"
352,"668","eno1895","352-NA","hŏboehā(k), hŏboha(k)","ripe","masak, matang","","stokhof1987"
353,"669","eno1895","353-NA","hiebaka, kamoeninŏ","unripe","belum masak, belum matang, mentah","","stokhof1987"
354,"671/672","eno1895","354-NA","māājòk, bahèlè","harvest","panen","","stokhof1987"
355,"674","eno1895","355-NA","èjakŏ","maize, corn","jagung","","stokhof1987"
356,"677","eno1895","356-NA","katjang","beans","kacang-kacangan","","stokhof1987"
357,"678","eno1895","357-NA","èhoewè","bean","kacang","","stokhof1987"
358,"679","eno1895","358-NA","kinioenŏ","cucumber","ketimun","","stokhof1987"
359,"681","eno1895","359-NA","kamakoe","tobacco","tembakau","","stokhof1987"
360,"682","eno1895","360-NA","èamaijŏ","sugarcane","tebu","","stokhof1987"
361,"686","eno1895","361-NA","ebae, kikoha(k)","species of tuber","ubi (macam-macam ubi)","kanīkīn (EN:- ; ID: oebi dandar) <36>","stokhof1987"
362,"689","eno1895","362-NA","pokèo, kārādi, oedŏfŏ","taro","talas, keladi","pokèo, kārādi, oedŏfŏ (EN:- ; ID:- ) <37>","stokhof1987"
363,"690","eno1895","363-NA","kidjie-kidjie","red pepper","cabe","","stokhof1987"
364,"691","eno1895","364-NA","karahadirĕ èpo(k)","coconut (tree)","kelapa (pohon)","","stokhof1987"
365,"693","eno1895","365-NA","èhoewè èpo(k)","coconut (other parts of the tree)","kelapa (bagian lain dari pohon)","èhoewè èpo(k) (EN:- ; ID:- ) <38>","stokhof1987"
366,"693","eno1895","366-NA","èŏrŏjĕ aero èpo(k)","coconut (other parts of the tree)","kelapa (bagian lain dari pohon)","èŏrŏjĕ aero èpo(k) (EN:- ; ID:- ) <38>","stokhof1987"
367,"693","eno1895","367-NA","èapo(k)","coconut (other parts of the tree)","kelapa (bagian lain dari pohon)","èapo(k) (EN:- ; ID:- ) <38>","stokhof1987"
368,"693","eno1895","368-NA","èfiak èpo(k)","coconut (other parts of the tree)","kelapa (bagian lain dari pohon)","èfiak èpo(k) (EN:- ; ID:- ) <38>","stokhof1987"
369,"695","eno1895","369-NA","minoe minoe","sugarpalm, aren tree","pohon aren","","stokhof1987"
370,"698","eno1895","370-NA","mènŏ","palm wine (fermented)","tuak","","stokhof1987"
371,"699","eno1895","371-NA","mènŏ","palmwine","tuak","","stokhof1987"
372,"702","eno1895","372-NA","goela","nipa palm","pohon nipah","","stokhof1987"
373,"706","eno1895","373-NA","dadă oeloe","kapok","kapuk","","stokhof1987"
374,"707","eno1895","374-NA","inima","pandanus","pandan","","stokhof1987"
375,"708","eno1895","375-NA","èŏkiŏ","mango","mangga","","stokhof1987"
376,"709","eno1895","376-NA","èhŏboe","Artocarpus integrifolia, Jack fruit","nangka","","stokhof1987"
377,"711","eno1895","377-NA","èhŏboe","Durio zibethinus","durian","","stokhof1987"
378,"716-718","eno1895","378-NA","èietŏ","banana","pisang","","stokhof1987"
379,"721","eno1895","379-NA","èkèĕ","grape fruit","Citrus paradisi","","stokhof1987"
380,"722","eno1895","380-NA","èkèĕ","lemon","jeruk sitrun","","stokhof1987"
381,"727","eno1895","381-NA","èŏdoe","Morinda atrocarpus","mangkudu","","stokhof1987"
382,"728","eno1895","382-NA","kanŏwa(k)","lime","kapur","","stokhof1987"
383,"729","eno1895","383-NA","kinŏnŏ, èfainŏ","Curcuma domestica","kunyit","","stokhof1987"
384,"731","eno1895","384-NA","èhiehie","rattan, cane","rotan","","stokhof1987"
385,"732","eno1895","385-NA","abèha","bamboo","bambu","","stokhof1987"
386,"733","eno1895","386-NA","kahamoemoe","bamboo shoot, young sprout","rebung","","stokhof1987"
387,"734","eno1895","387-NA","kāràdi ĕ, èpoehĕ","tree","pohon","kārăhā(k) (EN:- ; ID: batang) <39>","stokhof1987"
388,"734","eno1895","388-NA","kāràdi ĕ, èpoehĕ","tree","pohon","èhoroe (EN:- ; ID: bengkoedoe) <39>","stokhof1987"
389,"734","eno1895","389-NA","kāràdi ĕ, èpoehĕ","tree","pohon","èjobĕ (EN:- ; ID: bintangoer) <39>","stokhof1987"
390,"739/740","eno1895","390-NA","èko(k), èafodiĕ, èkoena","branch","cabang","èko(k), èafodiĕ, èkoena (EN:- ; ID:- ) <40>","stokhof1987"
391,"742","eno1895","391-NA","eàfŏ kabŏrie","main root, taproot","ibu akar, akar tunggang","","stokhof1987"
392,"743","eno1895","392-NA","eàfŏdi ĕ","side-root","akar samping","","stokhof1987"
393,"742-744","eno1895","393-NA","èba","root","akar","èpāha (EN:- ; ID: pokok akar) <41>","stokhof1987"
394,"746","eno1895","394-NA","èfoenoe, kihoedŏ","leaf","daun","","stokhof1987"
395,"748","eno1895","395-NA","èoelie","bark","kulit kayu","","stokhof1987"
396,"750","eno1895","396-NA","èbo kārăha(k) diĕ, èbèdiĕ","sap","air (buah, pohon)","","stokhof1987"
397,"751","eno1895","397-NA","èfīdjoe (èpīdjoe)","gum","getah","","stokhof1987"
398,"752","eno1895","398-NA","èoefĕ, mŏnŏ èoepĕ (ènŏnŏ?)","Areca catechu LINN","pinang","ènŏnŏ?","stokhof1987"
399,"753","eno1895","399-NA","foeroekoewĕ","betel","sirih","","stokhof1987"
400,"757","eno1895","400-NA","kŏfiefie, kakĕlèha","sprout","tunas","","stokhof1987"
401,"758","eno1895","401-NA","èpfoejĕ, kafèfo","flower","bunga","","stokhof1987"
402,"759","eno1895","402-NA","èhoewa","fruit","buah","","stokhof1987"
403,"761","eno1895","403-NA","èoelie hoewĕdiĕ","rind, peel","kulit buah","","stokhof1987"
404,"763","eno1895","404-NA","èhoewè","pip, stone","biji","","stokhof1987"
405,"764","eno1895","405-NA","èhèla","the flesh of the fruit","daging buah","","stokhof1987"
406,"765","eno1895","406-NA","èoek","bunch","rangkai, tangkai, tandan","","stokhof1987"
407,"766","eno1895","407-NA","minjak","oil","minyak","","stokhof1987"
408,"770","eno1895","408-NA","ŏwahŏdā, èiefoe akŏmā, ijahŏmā","grass","rumput","ŏwahŏdā, èiefoe akŏmā, ijahŏmā (EN:- ; ID:- ) <42>","stokhof1987"
409,"771","eno1895","409-NA","ŏwahŏdā, èiefoe akŏmā, ijahŏmā","weeds","rumput","ŏwahŏdā, èiefoe akŏmā, ijahŏmā (EN:- ; ID:- ) <42>","stokhof1987"
410,"772","eno1895","410-NA","kahakoewak, kahioe","Imperata cylindria (Kunai grass)","lalang","","stokhof1987"
411,"773","eno1895","411-NA","kahŏmè, kifŏ kifŏ","Saccharum spontaneum","gelagah","","stokhof1987"
412,"774","eno1895","412-NA","bèo, mèo","animal, beast","binatang","","stokhof1987"
413,"775","eno1895","413-NA","èara bèo","young of animal (calf, foal, chicken, etc.)","anak binatang","","stokhof1987"
414,"778","eno1895","414-NA","èaidiă, hŏkai","tail","ekor","","stokhof1987"
415,"779","eno1895","415-NA","ija(k)è","paw","kaki binatang","","stokhof1987"
416,"780","eno1895","416-NA","kauāpŏ, kanoeoenoe","hoof","kuku binatang","","stokhof1987"
417,"781","eno1895","417-NA","kauāpŏ, kanoeoenoe","claw","cakar","","stokhof1987"
418,"786","eno1895","418-NA","èfa èfa","wing","sayap","","stokhof1987"
419,"787","eno1895","419-NA","poeroeroei","feather","bulu burung","","stokhof1987"
420,"789","eno1895","420-NA","èoefĕdieĕ, èfōdiĕ","nest","sarang","","stokhof1987"
421,"790","eno1895","421-NA","èara","egg","telur","","stokhof1987"
422,"794","eno1895","422-NA","èŏbŏ, èkŏjŏ(k), ărŏmaka","domesticated pig","babi","èŏbŏ, èkŏjŏ(k), ărŏmaka (EN:- ; ID:- ) <43>","stokhof1987"
423,"797","eno1895","423-NA","kikèŏfa","to grunt","menggeram","","stokhof1987"
424,"798","eno1895","424-NA","kambing","sheep","domba","","stokhof1987"
425,"811","eno1895","425-NA","bèo","dog","anjing","","stokhof1987"
426,"812","eno1895","426-NA","pakoeĕ(k) bèo","to bark","menyalak","","stokhof1987"
427,"813","eno1895","427-NA","bèo","cat","kucing","","stokhof1987"
428,"814","eno1895","428-NA","ejau","to miaow","mengeong","","stokhof1987"
429,"824","eno1895","429-NA","kèèfè","pigeon","burung merpati","","stokhof1987"
430,"826","eno1895","430-NA","èkŏkŏ","hen, chicken","ayam","","stokhof1987"
431,"831","eno1895","431-NA","kèèfè, èoekaikŏ","fighting cock","ayam sabungan","","stokhof1987"
432,"835","eno1895","432-NA","èāhā","parakeet, budgerigar","burung bayan","","stokhof1987"
433,"840","eno1895","433-NA","akōma(k)","heron","burung bangau","","stokhof1987"
434,"843","eno1895","434-NA","poeroehoei","kite (bird)","burung rajawali","","stokhof1987"
435,"844","eno1895","435-NA","kèèfa","bird","burung","","stokhof1987"
436,"846","eno1895","436-NA","kadĕbĕ(k), èhoenie","bat","kelelawar","","stokhof1987"
437,"847","eno1895","437-NA","hoànie","bat","kalong","","stokhof1987"
438,"851","eno1895","438-NA","èhoewā, èpèhĕja, kĕwānoe","mouse","tikus","èhoewā, èpèhĕja, kĕwānoe (EN:- ; ID:- ) <44>","stokhof1987"
439,"852","eno1895","439-NA","èhoewā, èpèhĕja, kĕwānoe","rat","tikus","èhoewā, èpèhĕja, kĕwānoe (EN:- ; ID:- ) <44>","stokhof1987"
440,"861","eno1895","440-NA","djalŏ","net","jala","èanèk (EN:- ; ID: tanggok) <45>","stokhof1987"
441,"861","eno1895","441-NA","djalŏ","net","jala","kabŏ, foekĕ foekĕ (EN:- ; ID: djaring) <45>","stokhof1987"
442,"865","eno1895","442-NA","èhèo, èkama","eel","belut","","stokhof1987"
443,"866","eno1895","443-NA","èhikoe","louse","kutu","","stokhof1987"
444,"868","eno1895","444-LOUSE","eàboedŏdŏ","louse","tuma, kutu baju","","stokhof1987"
445,"869","eno1895","445-NIT","èmiekieĕ","nit","telur kutu","","stokhof1987"
446,"870","eno1895","446-FLEA","èhikoe bèo","flea","kutu anjing","","stokhof1987"
447,"871","eno1895","447-SPIDER","poekĕha","spider","laba-laba","","stokhof1987"
448,"872","eno1895","448-FLY (INSECT)","eòemŏ","fly","lalat","","stokhof1987"
449,"877","eno1895","449-MOSQUITO","kiija","mosquito","nyamuk","koema(k)au, karăpīpī (EN:- ; ID: agas) <46>","stokhof1987"
450,"877","eno1895","450-MOSQUITO","kiija","mosquito","nyamuk","èoefoe(k)ĕ (EN: mosquito bite; ID: bintat) <46>","stokhof1987"
451,"878","eno1895","451-BUTTERFLY","èfŏŏfa","butterfly","kupu-kupu","","stokhof1987"
452,"879","eno1895","452-CATERPILLAR","kŏfènè","caterpillar","ulat (bulu)","","stokhof1987"
453,"881","eno1895","453-GRASSHOPPER","èkiafŏ","grasshopper","belalang","","stokhof1987"
454,"884","eno1895","454-ANT","èkihŏ","ant","macam-macam semut","ĕfīfī (EN:- ; ID: semoet gatel) <47>","stokhof1987"
455,"884","eno1895","455-ANT","èkihŏ","ant","macam-macam semut","èkāhā (EN:- ; ID: semoet api-api (selembado)) <47>","stokhof1987"
456,"884","eno1895","456-ANT","èkihŏ","ant","macam-macam semut","paroeoekā (EN:- ; ID:- ) <47>","stokhof1987"
457,"884","eno1895","457-ANT","èkihŏ","ant","macam-macam semut","èkaihonŏa (EN:- ; ID: rajap (anai-anai)) <47>","stokhof1987"
458,"886","eno1895","458-SNAKE","èanōà","snake","ular","làfoe(k) (EN:- ; ID: oelar belang (tjendai)) <48>","stokhof1987"
459,"886","eno1895","459-SNAKE","èanōà","snake","ular","mananiloe (EN:- ; ID: oelar batoe) <48>","stokhof1987"
460,"886","eno1895","460-SNAKE","èanōà","snake","ular","èaniloe (EN:- ; ID: oelar ajer) <48>","stokhof1987"
461,"891","eno1895","461-WORM","èhŏdŏ(k)","worm","cacing","","stokhof1987"
462,"892","eno1895","462-SHRIMP","paèkā","shrimp","udang","","stokhof1987"
463,"893","eno1895","463-CRAB","kahaŏdji","crab","kepiting","","stokhof1987"
464,"894","eno1895","464-SHELL","èkīkè(k)è","shell","kulit kerang","koetjiŏ, karŏkŏ, kapoehĕ (EN:- ; ID: tjipoet) <49>","stokhof1987"
465,"896","eno1895","465-FROG","èfèŏ(k), lahŏfo","frog","katak","","stokhof1987"
466,"898","eno1895","466-LIZARD","kahoewe(k)","lizard","kadal","èloe(k) (EN:- ; ID: bingkarong) <50>","stokhof1987"
467,"899","eno1895","467-IGUANA","lahiejŏ","iguana","biawak","","stokhof1987"
468,"900","eno1895","468-CROCODILE","nafoeĕ, èoefoe, kahŏka","crocodile","buaya","nafoeĕ, èoefoe, kahŏka (EN:- ; ID:- ) <51>","stokhof1987"
469,"901","eno1895","469-TORTOISE","èoenoe oenoe","tortoise","kura-kura","","stokhof1987"
470,"902","eno1895","470-TURTLE","kabieĕ","turtle","penyu","","stokhof1987"
471,"905","eno1895","471-SKY","èalahoe (awan awan)","sky","langit","","stokhof1987"
472,"906","eno1895","472-SUN","èbaka kahaŏ(k)","sun","matahari","","stokhof1987"
473,"908","eno1895","473-MOON","ekanooe","moon","bulan","","stokhof1987"
474,"910","eno1895","474-MONTH","kaho kanoehā(k)","month (name of the months)","bulan (nama-nama bulan)","","stokhof1987"
475,"911","eno1895","475-ECLIPSE","apoj lŏfŏ (boelan gelap)","moon eclipse","gerhana bulan","","stokhof1987"
476,"912","eno1895","476-STAR","eafi-doewa, kamīmī","star","bintang","","stokhof1987"
477,"917","eno1895","477-NA","èlŏpŏ","earth (globe)","bumi","","stokhof1987"
478,"919","eno1895","478-NA","kalinaha(k), èbo, poeāri poeāri","rain","hujan","kalinaha(k), èbo, poeāri poeāri (EN:- ; ID:- ) <52>","stokhof1987"
479,"921","eno1895","479-NA","kaèlahoe, èalahoe","cloud","awan","","stokhof1987"
480,"923","eno1895","480-NA","èdoedie","rainbow","pelangi","","stokhof1987"
481,"924","eno1895","481-NA","èalahoe, pakoeda","thunder","guruh","","stokhof1987"
482,"925","eno1895","482-NA","èĕkapakoeda","thunderstone","batu guntur","","stokhof1987"
483,"927","eno1895","483-NA","èdih","earthquake","gempa bumi","","stokhof1987"
484,"928","eno1895","484-NA","èkijoe, lakŏha(k)","wind","angin","","stokhof1987"
485,"929","eno1895","485-NA","èkijoe, lakŏha(k)","storm","badai, angin ribut","","stokhof1987"
486,"930","eno1895","486-NA","èbŏ","water","air","","stokhof1987"
487,"931","eno1895","487-NA","èoewè","sea","laut","","stokhof1987"
488,"932","eno1895","488-NA","kababaha(k)","ebb","surut","","stokhof1987"
489,"934","eno1895","489-NA","aba-ŏkie oewĕ, akŏhŏdă oewè","flood, tide","pasang","","stokhof1987"
490,"935","eno1895","490-NA","nanaoewè","wave","ombak","","stokhof1987"
491,"936","eno1895","491-NA","kahanakiĕ","breakers, surf","gelombang","","stokhof1987"
492,"937","eno1895","492-NA","èhèkoewĕ","bay","teluk","","stokhof1987"
493,"938","eno1895","493-NA","ejokie, ehadieĕ, èfè, ihiā","beach","pantai","ejokie, ehadieĕ, èfè, ihiā (EN:- ; ID:- ) <53>","stokhof1987"
494,"939","eno1895","494-NA","panāoewè kèfoe, èbaka oewè","strait(s)","selat","","stokhof1987"
495,"940","eno1895","495-NA","èjahèla","sandbank","busung pasir","","stokhof1987"
496,"941","eno1895","496-NA","kōāka oewè, pakaŏ, èēja","coral reef","karang","kōāka oewè, pakaŏ, èēja (EN:- ; ID:- ) <54>","stokhof1987"
497,"942","eno1895","497-NA","ijokie","land","darat","","stokhof1987"
498,"943","eno1895","498-NA","èlŏpŏ","land (state)","negara","","stokhof1987"
499,"944","eno1895","499-NA","kèfoe","island","pulau","","stokhof1987"
500,"945","eno1895","500-NA","koeroe","isthmus","tanah genting","","stokhof1987"
501,"946","eno1895","501-NA","koeroe","cape","tanjung, ujung","","stokhof1987"
502,"947","eno1895","502-NA","karahāhŏ, èkŏhŏ, èkŏhoi","mountain","gunung","karahāhŏ, èkŏhŏ, èkŏhoi (EN:- ; ID:- ) <55>","stokhof1987"
503,"948","eno1895","503-NA","èkŏhoi","hill","bukit","","stokhof1987"
504,"951","eno1895","504-NA","kiedarāk, ènafa","plain","dataran","","stokhof1987"
505,"952","eno1895","505-NA","èŏŏbŏ","valley","lembah","","stokhof1987"
506,"955","eno1895","506-NA","èŏkoewĕ","forest, woods","hutan","","stokhof1987"
507,"957","eno1895","507-NA","èŏkoewĕ, èoboewĕ","bush","belukar","","stokhof1987"
508,"959","eno1895","508-NA","èèkŏwĕ","way, road","jalan","","stokhof1987"
509,"962","eno1895","509-NA","panaŏ","border, boundary","batas","","stokhof1987"
510,"963","eno1895","510-NA","aka fidja","river","sungai","bèhŏa, hiŏbā (EN:- ; ID: batang ajer) <56>","stokhof1987"
511,"963","eno1895","511-NA","aka fidja","river","sungai","bèlŏā, èakĕfidja (EN: estuary; ID: koewala) <56>","stokhof1987"
512,"967","eno1895","512-NA","èbakĕbo","spring, source","mata air, sumber air","","stokhof1987"
513,"968","eno1895","513-NA","èdŏdie","flood","banjir","","stokhof1987"
514,"969","eno1895","514-NA","èèja(k) (igigja?)","stone","batu","igigja?","stokhof1987"
515,"970","eno1895","515-NA","èloffo","earth (ground)","tanah","","stokhof1987"
516,"971","eno1895","516-NA","èoehoe, haoehaoe","sand","pasir","","stokhof1987"
517,"973","eno1895","517-NA","èau, pakamaè","iron","besi","","stokhof1987"
518,"974","eno1895","518-NA","kalèlèak","copper","tembaga","","stokhof1987"
519,"976","eno1895","519-NA","bidji-bidji kahieabie","silver","perak","(EN:- ; ID: wang poetih) <57>","stokhof1987"
520,"978","eno1895","520-NA","kalèlèha","tin","timah","","stokhof1987"
521,"979","eno1895","521-NA","kalèlèha","lead","timah hitam","","stokhof1987"
522,"980","eno1895","522-NA","doehoekiee, ebaka oemo","sulphur","belerang","(EN: head of a match; ID: mata lajat) <58>","stokhof1987"
523,"991","eno1895","523-NA","kiaki-fèoeĕ","gift, present","hadiah, pemberian","","stokhof1987"
524,"993","eno1895","524-NA","părīk kaoewĕ","to make peace","berdamai, mengadakan perdamaian","","stokhof1987"
525,"994","eno1895","525-NA","ānāoe","to sign a treaty","perjanjian, memutuskan perjanjian","(EN:- ; ID: kawan) <59>","stokhof1987"
526,"995","eno1895","526-NA","koedŏdok","merchant","saudagar, pedagang","","stokhof1987"
527,"996","eno1895","527-NA","èhaka bapieĕ","farmer","petani","","stokhof1987"
528,"999","eno1895","528-NA","èkaka kabājĕoi","follower","pengikut","","stokhof1987"
529,"1000","eno1895","529-NA","ijabakoewā","ally","sekutu","(EN:- ; ID: dija toeloeng) <60>","stokhof1987"
530,"1003","eno1895","530-NA","kahĕdiak baēdiăk","to trade","berdagang","(EN:- ; ID: maoe djoewal) <61>","stokhof1987"
531,"1004","eno1895","531-NA","dŏboekabandiăk","merchandise","barang dagangan","","stokhof1987"
532,"1007","eno1895","532-NA","afikă èodiè ĕ","price","harga","","stokhof1987"
533,"1008","eno1895","533-NA","kāoewa (elog)","profit","untung, laba","","stokhof1987"
534,"1009","eno1895","534-NA","kiŏha (boeroek)","loss","rugi","","stokhof1987"
535,"1010","eno1895","535-NA","oeabaōdie","to buy","membeli","","stokhof1987"
536,"1011","eno1895","536-NA","moko èodie","expensive","mahal","","stokhof1987"
537,"1012","eno1895","537-NA","kīhemanĕ, noki èodie","cheap","murah","","stokhof1987"
538,"1013","eno1895","538-NA","èodihŏkoei","debt","hutang","","stokhof1987"
539,"1014","eno1895","539-NA","abaoea ija ŏnijāk","to dun","menagih","","stokhof1987"
540,"1015","eno1895","540-NA","oeahauboepèĕ","to pay","membayar","","stokhof1987"
541,"1016","eno1895","541-NA","oeakau băriak","to sell","menjual","","stokhof1987"
542,"1017/1018","eno1895","542-NA","fèfèja(k)ĕ, èèhandie","borrow","pinjam","","stokhof1987"
543,"1019","eno1895","543-NA","fahèriè","to exchange","menukar","","stokhof1987"
544,"1020","eno1895","544-NA","koekèdia(k)","to offer","mempersembahkan","","stokhof1987"
545,"1022","eno1895","545-NA","koekèdia(k)","to bargain","menawar","","stokhof1987"
546,"1024","eno1895","546-NA","katian","steelyard, weigh-beam","dacin","","stokhof1987"
547,"1025","eno1895","547-NA","èoenèkè katian","a pair of scales","timbangan","","stokhof1987"
548,"1026","eno1895","548-NA","kabakau","measures and weights (length)","ukuran dan berat (panjang)","(EN:- ; ID: = 10_depa) <62>","stokhof1987"
549,"1026-1028","eno1895","549-NA","èŏkŏĕ, èfakoe","weights and measures","bobot dan ukuran","","stokhof1987"
550,"1029/1030","eno1895","550-NA","kafal, kapal","ship","kapal","","stokhof1987"
551,"1031","eno1895","551-NA","prahoe ŏbie obie","steamboat","kapal uap","","stokhof1987"
552,"1032","eno1895","552-NA","scotjie, kanĕhak","rowboat","kapal (sampan)","","stokhof1987"
553,"1033","eno1895","553-NA","èoeba, èloha","proa, canoe","perahu","","stokhof1987"
554,"1035","eno1895","554-NA","pakoehè","mast","tiang perahu","","stokhof1987"
555,"1037","eno1895","555-NA","moenènè, paoepă","to sail","berlayar","","stokhof1987"
556,"1038","eno1895","556-NA","ijo (èkor)","rudder, helm","kemudi","","stokhof1987"
557,"1040","eno1895","557-NA","èŏdjie","oar, paddle","pengayuh","","stokhof1987"
558,"1041","eno1895","558-NA","èoi","paddle","pengayuh","","stokhof1987"
559,"1042","eno1895","559-NA","abaoi","to paddle","mengayuh","","stokhof1987"
560,"1043","eno1895","560-NA","bakaŏedjie, èhaŏdjie","to row, to pull","mengayuh","","stokhof1987"
561,"1049","eno1895","561-NA","èfakoe","anchor","sauh","","stokhof1987"
562,"1051","eno1895","562-NA","èhèkoe","harbour","pelabuhan","","stokhof1987"
563,"1052","eno1895","563-NA","kikèĕ","to be wrecked","terdampar, kandas","","stokhof1987"
564,"1061","eno1895","564-NA","amoehŏ, adèījĕ, kakoeka","great, big","besar","amoehŏ, adèījĕ, kakoeka (EN:- ; ID:- ) <63>","stokhof1987"
565,"1062","eno1895","565-NA","nŏkie","small","kecil","","stokhof1987"
566,"1063","eno1895","566-NA","aījŏnoe(k)oe","long (things)","panjang","","stokhof1987"
567,"1064","eno1895","567-NA","dĕbŏdŏ, boe ōdĕ","long (time)","lama","","stokhof1987"
568,"1065","eno1895","568-NA","kanefoe, kakoeĕ","short (things)","pendek","","stokhof1987"
569,"1066","eno1895","569-NA","keàbabŏdŏ","short (time)","singkat, pendek","","stokhof1987"
570,"1067","eno1895","570-NA","amoehŏ, kaaanwĕ","big, fat","gemuk","","stokhof1987"
571,"1068","eno1895","571-NA","èafa(k), kiĕ","thick","tebal","èafa(k) (EN:- ; ID: tebal) <64>","stokhof1987"
572,"1068","eno1895","572-NA","èafa(k), kiĕ","thick","tebal","kiĕ (EN:- ; ID: kental) <64>","stokhof1987"
573,"1070","eno1895","573-NA","kanànè, kima(k)","thin","tipis","","stokhof1987"
574,"1071","eno1895","574-NA","kimak","thin, meagre, skinny","kurus","","stokhof1987"
575,"1072-1074","eno1895","575-NA","èo","far","jauh","","stokhof1987"
576,"1075","eno1895","576-NA","kahèkanie","slim","langsing","","stokhof1987"
577,"1076","eno1895","577-NA","nioekienio(k)","dwarf","orang katai","","stokhof1987"
578,"1083/1084","eno1895","578-NA","aīĕjanoe(k), èno(k)","deep","dalam","","stokhof1987"
579,"1085/1086","eno1895","579-NA","kafèfè, kaaukie","shallow","dangkal","","stokhof1987"
580,"1087","eno1895","580-NA","janoe(k), èno(k)","high","tinggi","","stokhof1987"
581,"1088","eno1895","581-NA","kanèfoe, kakoeōk, noekinoe(k)","low","rendah","kanèfoe, kakoeōk, noekinoe(k) (EN:- ; ID:- ) <65>","stokhof1987"
582,"1089","eno1895","582-NA","manèko, kājŏ","straight","lurus","","stokhof1987"
583,"1090","eno1895","583-NA","kaèo","crooked, bent","bengkok","","stokhof1987"
584,"1092","eno1895","584-NA","kadarao","flat","pipih, gepeng","","stokhof1987"
585,"1096","eno1895","585-NA","kāhao","light","ringan","","stokhof1987"
586,"1097","eno1895","586-NA","pākārah, pafèè","slanting, sloping","serong, miring","","stokhof1987"
587,"1098","eno1895","587-NA","èădŏ","sharp","tajam","","stokhof1987"
588,"1099","eno1895","588-NA","kahaoe(k)","blunt","tumpul","","stokhof1987"
589,"1101","eno1895","589-NA","èo(k), kajojo","hard","keras","","stokhof1987"
590,"1102","eno1895","590-NA","kalèla","weak","lembek, lemah","","stokhof1987"
591,"1104/1105","eno1895","591-NA","kohorijo, kaīdahandĕ","hot","panas","","stokhof1987"
592,"1106/1107","eno1895","592-NA","èèho, kaäfoeā","cold","dingin","","stokhof1987"
593,"1109/1110","eno1895","593-NA","kaboeĕboeĕ","round","bulat","","stokhof1987"
594,"1112","eno1895","594-NA","kadiŏfè","square","persegi","","stokhof1987"
595,"1113","eno1895","595-NA","aijĕfoho","broad","luas, lebar","","stokhof1987"
596,"1114","eno1895","596-NA","kikoeoekă, kimoemoehĕ","small","kecil","","stokhof1987"
597,"1115","eno1895","597-NA","kikoeoekă, kimoemoehĕ","narrow","sempit","","stokhof1987"
598,"1116","eno1895","598-NA","kidīdēhŏ(k)","wide","luas","","stokhof1987"
599,"1117","eno1895","599-NA","èo(k)o(k)","strong","kokoh","","stokhof1987"
600,"1118","eno1895","600-NA","kalèlă","weak","lemah","","stokhof1987"
601,"1125","eno1895","601-NA","kaäkihi, makiha(k)","dry","kering","","stokhof1987"
602,"1127","eno1895","602-NA","kamoko, kidebo","wet","basah","","stokhof1987"
603,"1130","eno1895","603-NA","kaoewe, koina","good","baik, bagus","","stokhof1987"
604,"1131","eno1895","604-NA","èieboe, kiŏhā","bad","buruk, jahat","","stokhof1987"
605,"1132-1134","eno1895","605-NA","kāoewa","nice","bagus","","stokhof1987"
606,"1136-1138","eno1895","606-NA","kiŏhā","ugly","jelek","","stokhof1987"
607,"1142","eno1895","607-NA","karahèlă, hokeora(k) ahèlĕ","empty","kosong","","stokhof1987"
608,"1143","eno1895","608-NA","kifame","full","penuh","fanakonĕ (EN:- ; ID: genap) <66>","stokhof1987"
609,"1146/1147","eno1895","609-NA","eò(k)o(k), pamiere, fakaafie, koinŏnā","fixed","tetap","eò(k)o(k), pamiere, fakaafie, koinŏnā (EN:- ; ID:- ) <67>","stokhof1987"
610,"1148/1149","eno1895","610-NA","kĕmoja(k), kifèora(k)","loose","longgar","","stokhof1987"
611,"1150","eno1895","611-NA","kifienè, èaak","old","tua","","stokhof1987"
612,"1151","eno1895","612-NA","koeōdĕ","old, worn","lama, kuno","","stokhof1987"
613,"1152","eno1895","613-NA","manŏniejŏ, pananamie, kamoenīno","young","muda","manŏniejŏ, pananamie, kamoenīno (EN:- ; ID:- ) <68>","stokhof1987"
614,"1153","eno1895","614-NA","nŏoninĕ, pōbōdā","new","baru","","stokhof1987"
615,"1154","eno1895","615-NA","fidjaja","poor","miskin","","stokhof1987"
616,"1155","eno1895","616-NA","koedŏdŏ","wealthy","kaya","","stokhof1987"
617,"1159","eno1895","617-NA","kipara èbahoe","dumb","bodoh","","stokhof1987"
618,"1160","eno1895","618-NA","kifĕhaja, kaboehaja, kifoi","clever","pandai","kifĕhaja, kaboehaja, kifoi (EN:- ; ID:- ) <69>","stokhof1987"
619,"1161","eno1895","619-NA","kimonie","sweet","manis","","stokhof1987"
620,"1162","eno1895","620-NA","kafai","sour","kecut, masam","","stokhof1987"
621,"1163","eno1895","621-NA","kaarahĕai","bitter","pahit","","stokhof1987"
622,"1164","eno1895","622-NA","kāākikieĕ","astringent","sepat","","stokhof1987"
623,"1166","eno1895","623-NA","kaoewè oewè","salty","asin","","stokhof1987"
624,"1167","eno1895","624-NA","kahieābie, kaŏrārie, kaoerejĕ","white","putih","kahieābie, kaŏrārie, kaoerejĕ (EN:- ; ID:- ) <70>","stokhof1987"
625,"1168","eno1895","625-NA","kaākŏhŏ, kahièhiè","black","hitam","","stokhof1987"
626,"1169","eno1895","626-NA","kaiekŏkŏ(k), kabŏ èlā","red","merah","","stokhof1987"
627,"1170","eno1895","627-NA","ka iekŏkŏ(k)","brown","coklat","","stokhof1987"
628,"1171","eno1895","628-NA","kakidahaiĕ","yellow","kuning","","stokhof1987"
629,"1172","eno1895","629-NA","kakīnīfĕ","blue","biru","","stokhof1987"
630,"1173","eno1895","630-NA","kakīnīfĕ","green","hijau","","stokhof1987"
631,"1174","eno1895","631-NA","kanoenoefè, noenoe(k), abĕĕ adi","to look for","mencari","kanoenoefè, noenoe(k), abĕĕ adi (EN:- ; ID:- ) <71>","stokhof1987"
632,"1175","eno1895","632-NA","oewabālā","to find","menemukan","","stokhof1987"
633,"1176","eno1895","633-NA","wāhāboepè","to give","memberikan","","stokhof1987"
634,"1179","eno1895","634-NA","pènjok","to take","mengambil","","stokhof1987"
635,"1180","eno1895","635-NA","amĕna(k)","to get","pergi mengambil","","stokhof1987"
636,"1193","eno1895","636-NA","akida(k), oewakaki, kidak, oewa āpoe hāja(k), kaboehaja(k)","to know","tahu, mengetahui kenal","akida(k), oewakaki, kidak, oewa āpoe hāja(k), kaboehaja(k) (EN:- ; ID:- ) <72>","stokhof1987"
637,"1194","eno1895","637-NA","pōhōja(k)","to think","berpikir","","stokhof1987"
638,"1195","eno1895","638-NA","kidĕhaoe, oemahaoe","to know","tahu, mengetahui","","stokhof1987"
639,"1196","eno1895","639-NA","pakanoea(k), bakida(k)","to remember","mengingat, mengenang","","stokhof1987"
640,"1197","eno1895","640-NA","kikaaboe","to have forgotten something","lupa","","stokhof1987"
641,"1198","eno1895","641-NA","adŏ kahapa(k)","to deny","menyangkal","","stokhof1987"
642,"1199","eno1895","642-NA","kiakahārie, koinak","to confess","mengaku","","stokhof1987"
643,"1200","eno1895","643-NA","kajenŏnŏ, ijanŏnŏ","to be silent","diam","","stokhof1987"
644,"1201","eno1895","644-NA","ahabèlo, balelo","to mumble","komat-kamit","","stokhof1987"
645,"1202","eno1895","645-NA","pānāoe, bahèdji, pĕkoeaba, waka, èdjie","to speak","berbicara","pānāoe, bahèdji, pĕkoeaba, waka, èdjie (EN:- ; ID:- ) <73>","stokhof1987"
646,"1203","eno1895","646-NA","èhèboe, èhèlo, èhŏra","to sing","bernyanyi","èhèboe, èhèlo, èhŏra (EN:- ; ID:- ) <74>","stokhof1987"
647,"1206","eno1895","647-NA","aharie","to call","memanggil","","stokhof1987"
648,"1208","eno1895","648-NA","kīfoehaj, anoaha(k)","to be able to","dapat, sanggup","","stokhof1987"
649,"1210","eno1895","649-NA","kehafariek","to work","bekerja","","stokhof1987"
650,"1211","eno1895","650-NA","kolè amie amie","to shoulder","memikul","","stokhof1987"
651,"1212","eno1895","651-NA","kolè poeha","to carry on the head","menjunjung (di atas kepala)","","stokhof1987"
652,"1213","eno1895","652-NA","dŏdŏ","to carry something hanging from the hand","menjinjing","","stokhof1987"
653,"1214","eno1895","653-NA","oefā, kiŏfaj","to carry on the hip","menggendong, mendukung","","stokhof1987"
654,"1220","eno1895","654-NA","oefā","to carry on the back","memikul (di punggung)","","stokhof1987"
655,"1222-1224","eno1895","655-NA","wakahadŏ, ŏmŏ, ŏmŏkie, kèaba baoeŏ","to watch, to guard","menjaga","wakahadŏ, ŏmŏ, ŏmŏkie, kèaba baoeŏ (EN:- ; ID:- ) <75>","stokhof1987"
656,"1225","eno1895","656-NA","pamŏ, oepamŏ","to spy","mengintai","","stokhof1987"
657,"1238","eno1895","657-NA","kahapie, mahapie, kidai(k)joe, abaoè","to love","mencintai, mengasihi","kahapie, mahapie, kidai(k)joe, abaoè (EN:- ; ID:- ) <76>","stokhof1987"
658,"1239","eno1895","658-NA","mèhèbahoe(k)","to hate","benci","","stokhof1987"
659,"1240","eno1895","659-NA","èaaniā","jealous","cemburu, iri hati","","stokhof1987"
660,"1242-1244","eno1895","660-NA","kàhafie","wish, want, want something","berharap, ingin, menginginkan sesuatu","","stokhof1987"
661,"1245","eno1895","661-NA","poekai, koie","to open","membuka","","stokhof1987"
662,"1246","eno1895","662-NA","kaoe","to close","menutup","","stokhof1987"
663,"1251","eno1895","663-NA","kiā hoeŏ, abaanbŏ","to hit, to touch","mengenai, menyentuh","","stokhof1987"
664,"1256","eno1895","664-NA","kihèkok, kihanĕ","broken (a stick)","patah (tongkat)","","stokhof1987"
665,"1257","eno1895","665-NA","kahankĕ, oea ka baikoā","broken (rope)","putus (tali)","aea ka baikoā (EN:- ; ID: hamba soedah potong) <77>","stokhof1987"
666,"1258","eno1895","666-NA","kikĕrā, kafikĕ","shattered","pecah","","stokhof1987"
667,"1260/1261","eno1895","667-NA","pèladieĕ, kifĕhbai","to start","mulai","","stokhof1987"
668,"1262/1263","eno1895","668-NA","aboehŏ, hōda hōda","to end","berakhir","","stokhof1987"
669,"1264","eno1895","669-NA","ami(k)ī(k), afamī(k)","to bind, to tie","mengikat","","stokhof1987"
670,"1265/1266","eno1895","670-NA","pienoekak, fakieoe, pakoeoe, karohajĕ, pakè èbŏ","to hide","menyembunyikan","pienoekak, fakieoe, pakoeoe, karohajĕ, pakè èbŏ (EN:- ; ID:- ) <78>","stokhof1987"
671,"1267","eno1895","671-NA","noenoehoei","to ask","bertanya","","stokhof1987"
672,"1268","eno1895","672-NA","paharie","to answer","menjawab","","stokhof1987"
673,"1269","eno1895","673-NA","aharie, aboepèiejok","to ask for","meminta","","stokhof1987"
674,"1270","eno1895","674-NA","pakèho","to refuse","menolak","","stokhof1987"
675,"1271","eno1895","675-NA","kieakīenènihai, fanènèha(k)","to cheat, to deceive","menipu","","stokhof1987"
676,"1276","eno1895","676-NA","oehaibi, fahabōha(k)","to burn (tr.)","membakar (tr.)","","stokhof1987"
677,"1277","eno1895","677-NA","karahoe","to burn (intr.)","sedang terbakar (intr.)","","stokhof1987"
678,"1276/1277","eno1895","678-NA","kakiho(k)","to burn","membakar","kakiho(k) (EN:- ; ID: hangoes) <79>","stokhof1987"
679,"1278","eno1895","679-NA","mainŏk, homainŏk, mŏhŏmŏ(k)","to dig","menggali","mainŏk, homainŏk, mŏhŏmŏ(k) (EN:- ; ID:- ) <80>","stokhof1987"
680,"1284","eno1895","680-NA","hoăko(k) wa(k), kababa","to arrive","tiba","","stokhof1987"
681,"1286","eno1895","681-NA","èfoeaka, ĕwak","to depart","berangkat","","stokhof1987"
682,"1291","eno1895","682-NA","oebidji, idjī, èkiĕĕ, moeoe, moho(k) oekie","to hit (to beat, to slap, etc.)","memukul (menampar meninju dll.)","oebidji, idjī, èkiĕĕ, moeoe, moho(k) oekie (EN:- ; ID:- ) <81>","stokhof1987"
683,"1292","eno1895","683-NA","kifahondie","to take revenge","membalas dendam","","stokhof1987"
684,"1293","eno1895","684-NA","kaik","one","satu","","stokhof1987"
685,"1294","eno1895","685-NA","adoewĕ/adoewa","two","dua","","stokhof1987"
686,"1295","eno1895","686-NA","akoloe","three","tiga","","stokhof1987"
687,"1296","eno1895","687-NA","afa","four","empat","","stokhof1987"
688,"1297","eno1895","688-NA","aliba, aribĕ","five","lima","","stokhof1987"
689,"1298","eno1895","689-NA","kakinĕ, aki, akinĕ","six","enam","kakinĕ, aki, akinĕ (EN:- ; ID:- ) <82>","stokhof1987"
690,"1299","eno1895","690-NA","ariba adoewĕ","seven","tujuh","","stokhof1987"
691,"1300","eno1895","691-NA","afai-īafā","eight","delapan","","stokhof1987"
692,"1301","eno1895","692-NA","baikaik/ibaikaik","nine","sembilan","","stokhof1987"
693,"1302","eno1895","693-NA","kifahoek, kāāfoeroe","ten","sepuluh","","stokhof1987"
694,"1303","eno1895","694-NA","kifahoekjo kaik","eleven","sebelas","","stokhof1987"
695,"1304","eno1895","695-NA","kifahoekjo adoewĕ","twelve","dua belas","","stokhof1987"
696,"1305","eno1895","696-NA","kifahoekjo akoloe","thirteen","tiga belas","","stokhof1987"
697,"1306","eno1895","697-NA","kifahoekjo afa","fourteen","empat belas","","stokhof1987"
698,"1307","eno1895","698-NA","kifahoekjo alibĕ","fifteen","lima belas","","stokhof1987"
699,"1308","eno1895","699-NA","kifahoekjo akakinĕ","sixteen","enam belas","","stokhof1987"
700,"1309","eno1895","700-NA","kifahoekjo alibĕ adoewĕ","seventeen","tujuh belas","","stokhof1987"
701,"1310","eno1895","701-NA","kifahoekjo afai afa","eighteen","delapan belas","","stokhof1987"
702,"1311","eno1895","702-NA","kifahoekjo baikaik","nineteen","sembilan belas","","stokhof1987"
703,"1312","eno1895","703-NA","kaik taka","twenty","dua puluh","tangan sepoeloeh = satoe orang = ekaka = badan kaki sepoeloeh","stokhof1987"
704,"1313","eno1895","704-NA","kaik takajo kaik","twenty one","dua puluh satu","","stokhof1987"
705,"1315","eno1895","705-NA","kaik takajo alibĕ","twenty five","dua puluh lima","","stokhof1987"
706,"1316","eno1895","706-NA","kaik takajo kifahoek","thirty","tiga puluh","","stokhof1987"
707,"1317","eno1895","707-NA","adoewĕ taka","fourty","empat puluh","","stokhof1987"
708,"1318","eno1895","708-NA","adoewĕ takajo kifahoek","fifty","lima puluh","","stokhof1987"
709,"1319","eno1895","709-NA","akoloe taka","sixty","enam puluh","","stokhof1987"
710,"1323","eno1895","710-NA","alibĕ taka","hundred","seratus","","stokhof1987"
711,"1324","eno1895","711-NA","kifahoek taka","thousand","seribu","","stokhof1987"
712,"1325","eno1895","712-NA","kaik koedodoka","ten thousand","sepuluh ribu","","stokhof1987"
713,"1326","eno1895","713-NA","kidahŏ, kahakoudĕ","a half","setengah","","stokhof1987"
714,"1327","eno1895","714-NA","nŏ(k)afa","a quarter","seperempat","","stokhof1987"
715,"1328","eno1895","715-NA","kahanoeĕ","once","sekali","","stokhof1987"
716,"1329","eno1895","716-NA","adoewĕ kanoeĕ","twice","dua kali","","stokhof1987"
717,"1330/1331","eno1895","717-NA","nè(k)è","the first","pertama","","stokhof1987"
718,"1332/1333","eno1895","718-NA","ija adoewĕ","the second","kedua","","stokhof1987"
719,"1336/1337","eno1895","719-NA","akakanoe, hokèora(k)","the last","yang terakhir","","stokhof1987"
720,"1338","eno1895","720-NA","afika","how much, how many","berapa","","stokhof1987"
721,"1339","eno1895","721-NA","mŏkŏ","many, much","banyak","","stokhof1987"
722,"1340","eno1895","722-NA","kīhīmanĕ, kèhèmanĕ","few, a little","sedikit","","stokhof1987"
723,"1347/1348","eno1895","723-NA","hiakikĕ, ma(k)aki(k)","more, most","lebih, paling","","stokhof1987"
724,"1349","eno1895","724-NA","kihimanĕ","less","kurang","","stokhof1987"
725,"1350","eno1895","725-NA","kidjĕrŏ, haèloedă(k), fakidja, kèabak","all","semua","kidjĕrŏ, haèloedă(k), fakidja, kèabak (EN:- ; ID:- ) <84>","stokhof1987"
726,"1356","eno1895","726-NA","èfīkahaj","a few, some","beberapa","","stokhof1987"
727,"1357","eno1895","727-NA","oewā","I","saya","","stokhof1987"
728,"1359","eno1895","728-NA","ŏŏ, ĕĕ","you (sing.)","kamu, engkau","","stokhof1987"
729,"1360","eno1895","729-NA","ĕĕ, ŏŏ","you (pl.)","kamu sekalian","","stokhof1987"
730,"1361","eno1895","730-NA","ĕĕ, ŏŏ","you all (excluding those absent)","kamu sekalian (tidak termasuk yang tidak hadir)","","stokhof1987"
731,"1363","eno1895","731-NA","kija","he","ia, kata ganti orang ke III tunggal (laki-laki)","","stokhof1987"
732,"1365","eno1895","732-NA","oewā","we (inclusive)","kita (kata ganti orang ke II jamak)","","stokhof1987"
733,"1366","eno1895","733-NA","ikŏ","we (exclusive)","kami (kata ganti orang ke II jamak)","","stokhof1987"
734,"1364/1367/1368","eno1895","734-NA","kija","they","mereka","","stokhof1987"
735,"1369/1370","eno1895","735-NA","èai","mine","kata ganti empunya orang ke I","","stokhof1987"
736,"1373/1374","eno1895","736-NA","èaiboe","your","kata ganti empunya orang ke II","","stokhof1987"
737,"1375/1376","eno1895","737-NA","èaioe","their","kata ganti empunya orang ke III jamak","","stokhof1987"
738,"1377/1378","eno1895","738-NA","èaioe","her, his","kata ganti empunya orang ke III tunggal","","stokhof1987"
739,"1379","eno1895","739-NA","hŏhā, hā","who?","siapa","","stokhof1987"
740,"1380","eno1895","740-NA","èijah","what?","apa","","stokhof1987"
741,"1382","eno1895","741-NA","tiŏ","which?","mana, (yang) mana","","stokhof1987"
742,"1383","eno1895","742-NA","èhĕ, itèk","this","ini","","stokhof1987"
743,"1385/1386","eno1895","743-NA","itèk, èana","that","itu","","stokhof1987"
744,"1388","eno1895","744-NA","itèk, arè(k), adè(k)","here","di sini","itèk, arè(k), adè(k) (EN:- ; ID:- ) <85>","stokhof1987"
745,"1389","eno1895","745-NA","èjà(k)ā, djidja","there (near hearer)","di situ (di sebelah pendengar)","","stokhof1987"
746,"1392","eno1895","746-NA","maumanĕ, namanihŏ","early, soon","pagi, segera","","stokhof1987"
747,"1393","eno1895","747-NA","fanihiōfi","late","terlambat","","stokhof1987"
748,"1394","eno1895","748-NA","kienŏhŏ, haŏ(k)ha","day","hari","hŏmanika, lapawanihŏ, baidji ninie (EN:- ; ID: pagi-pagi) <86>","stokhof1987"
749,"1394","eno1895","749-NA","kienŏhŏ, haŏ(k)ha","day","hari","akoeloepo(k) (EN:- ; ID: dalam tiga hari) <86>","stokhof1987"
750,"1394","eno1895","750-NA","kienŏhŏ, haŏ(k)ha","day","hari","afapo(k) (EN:- ; ID: dalam ampat hari) <86>","stokhof1987"
751,"1394","eno1895","751-NA","kienŏhŏ, haŏ(k)ha","day","hari","boedàjak (EN: 5_a.m.; ID:- ) <86>","stokhof1987"
752,"1394","eno1895","752-NA","kienŏhŏ, haŏ(k)ha","day","hari","lafamanoe manoe (EN: 6_a.m.; ID:- ) <86>","stokhof1987"
753,"1394","eno1895","753-NA","kienŏhŏ, haŏ(k)ha","day","hari","parohajo (EN: 12_noon; ID:- ) <86>","stokhof1987"
754,"1394","eno1895","754-NA","kienŏhŏ, haŏ(k)ha","day","hari","apoi (EN: 3_p.m.; ID:- ) <86>","stokhof1987"
755,"1394","eno1895","755-NA","kienŏhŏ, haŏ(k)ha","day","hari","lapamahoema, lapabaheibā (EN: 6_p.m.; ID:- ) <86>","stokhof1987"
756,"1397","eno1895","756-NA","homanika","daylight","siang","","stokhof1987"
757,"1398","eno1895","757-NA","janieka, eaikaha(k)","light","sinar","kakanokowā (EN:- ; ID: tjahia) <87>","stokhof1987"
758,"1402","eno1895","758-NA","koahjĕ, kafŏ","night (time of the night)","malam","koahjĕ kafŏ (EN:- ; ID: stengah malam (poekoel 12)) <88>","stokhof1987"
759,"1407","eno1895","759-NA","ènoha","monsoon","musim","ènoha (EN:- ; ID: kemarau) <89>","stokhof1987"
760,"1407","eno1895","760-NA","dakŏha","monsoon","musim","dakŏha (EN:- ; ID: tempoe hoedjan (angin)) <89>","stokhof1987"
761,"1408","eno1895","761-NA","nŏŏ","now","sekarang","","stokhof1987"
762,"1409","eno1895","762-NA","naafè","shortly","sebentar lagi","","stokhof1987"
763,"1410","eno1895","763-NA","nŏŏ","now, at present","kini","","stokhof1987"
764,"1411","eno1895","764-NA","kahanoeĕ","formerly","tempo hari","","stokhof1987"
765,"1412/1413","eno1895","765-NA","pabaka, oeakanroe, baoeloe, aoeloe","before","sebelum","pabaka, oeakanroe, baoeloe, aoeloe (EN:- ; ID:- ) <90>","stokhof1987"
766,"1414","eno1895","766-NA","kahanoeĕ, hale","formerly","dahulu kala","","stokhof1987"
767,"1416","eno1895","767-NA","nèè","a moment ago","tadi","","stokhof1987"
768,"1418","eno1895","768-NA","bahaibĕ","yesterday","kemarin","","stokhof1987"
769,"1419","eno1895","769-NA","arapohĕ, kaiĕkodiĕ","the day before yesterday","kemarin dulu","","stokhof1987"
770,"1420","eno1895","770-NA","nèè","today","hari ini","","stokhof1987"
771,"1422","eno1895","771-NA","naoemanĕ","tomorrow","besok","","stokhof1987"
772,"1423","eno1895","772-NA","laikahadiĕ","the day after tomorrow","lusa","","stokhof1987"
773,"1426","eno1895","773-NA","mŏkŏkŏ, èfāā mahiĕ","now and then, occasionally","kadang-kadang","","stokhof1987"
774,"1427","eno1895","774-NA","nakoeānā, nāāfè","when","kapan, bilamana","","stokhof1987"
775,"1428","eno1895","775-NA","aboeha","already","sudah","","stokhof1987"
776,"1429","eno1895","776-NA","māāfè, kaoefè(k)","not yet","belum","kahainoafè (EN:- ; ID: lagi) <91>","stokhof1987"
777,"1429","eno1895","777-NA","māāfè, kaoefè(k)","not yet","belum","kikiāfè, karoiĕ (EN:- ; ID: masih) <91>","stokhof1987"
778,"1435","eno1895","778-NA","èèfè","left","kiri","","stokhof1987"
779,"1436","eno1895","779-NA","èloeba","right","kanan","","stokhof1987"
780,"1437","eno1895","780-NA","dèbè, itèbè","up, upper, above","di atas","","stokhof1987"
781,"1439","eno1895","781-NA","koelie tèbè","from above","dari atas","","stokhof1987"
782,"1440","eno1895","782-NA","itŏfŏ","under","di bawah","","stokhof1987"
783,"1441","eno1895","783-NA","koeli tŏfŏ","from underneath","dari bawah","","stokhof1987"
784,"1442/1443","eno1895","784-NA","koelie-hŏako(k)","from-to","dari-hingga","","stokhof1987"
785,"1444","eno1895","785-NA","tŏfŏ","below, beneath","bawah","","stokhof1987"
786,"1446","eno1895","786-NA","koelie","from","dari","","stokhof1987"
787,"1450","eno1895","787-INSIDE","ihŏ, pŏkŏ","in, inside","di (dalam)","","stokhof1987"
788,"1451","eno1895","788-OUTSIDE","kahaĕ, kokonĕ","out, outside","luar, (di) luar","","stokhof1987"
789,"1452","eno1895","789-NEAR","fanèna, panè","nearby","di dekat, di","","stokhof1987"
790,"1453","eno1895","790-FAR","mil","far","jauh","","stokhof1987"
791,"1454","eno1895","791-NA","fakè èhèa, pakèèhèa","around, surrounding","se-kellling","dididiki(k) (EN: in a circle; ID: lilit) <92>","stokhof1987"
792,"1459","eno1895","792-MANY","mŏkŏ èfōka","many","banyak","","stokhof1987"
793,"1460","eno1895","793-WHERE","ijāha","where","di mana","","stokhof1987"
794,"1461","eno1895","794-HOW","kinŏnŏ, èŏdā","how","bagaimana","","stokhof1987"
795,"1462","eno1895","795-SIMILAR","nèè","like this, like that","begini, begitu","","stokhof1987"
796,"1465","eno1895","796-WHY","kienono iĕdiĕ","why","mengapa","","stokhof1987"
797,"1466","eno1895","797-CERTAIN","wakipoehaiā, koina(k) akoina(k)","certainly, sure","pasti","","stokhof1987"
798,"1467","eno1895","798-PERHAPS","oemāhaoe","maybe","barangkali","","stokhof1987"
799,"1469","eno1895","799-AND","farakoa, panako","and","dan","","stokhof1987"
800,"1470","eno1895","800-WITH","ijo/jŏ","with","dengan","","stokhof1987"
801,"1471","eno1895","801-NO","kieaba(k), kèo","no","tidak","","stokhof1987"
802,"1472","eno1895","802-YES","ŏk","yes","ya","","stokhof1987"
803,"1474","eno1895","803-NO OR NOT","èara no(k)a","not, no","bukan","","stokhof1987"
804,"1473-1475","eno1895","804-NA","ijara(k)","not","tidak, bukan, jangan","","stokhof1987"
805,"1476","eno1895","805-YES","ŏk","yes, right, indeed","ya, benar, betul","","stokhof1987"
806,"1477","eno1895","806-ONLY","nŏ(k)a","only","hanya","","stokhof1987"
807,"1478","eno1895","807-NA","panĕha","almost","hampir","","stokhof1987"
808,"1486","eno1895","808-NO OR NOT","kĕabak","no, not a, none","tidak, tidak ada, bukan","","stokhof1987"
809,"2","eno1895","809-HEAD","kapalå","head","kepala","","stokhof1987"
810,"3","eno1895","810-FACE","moekå","face","muka, wajah","","stokhof1987"
811,"9","eno1895","811-EAR","telingå","ear","telinga","","stokhof1987"
812,"11","eno1895","812-EYE","matå","eye","mata","","stokhof1987"
813,"41/42","eno1895","813-NA","dadå","breasts","payudara","","stokhof1987"
814,"160","eno1895","814-SHOUT","mengiroek","to shout","berteriak","","stokhof1987"
815,"161","eno1895","815-LAUGH","gĕlå","to laugh","tertawa","","stokhof1987"
816,"176","eno1895","816-YAWN","terkoeå","to yawn","menguap","","stokhof1987"
817,"196","eno1895","817-WOUND","ingè","wound","luka","","stokhof1987"
818,"198","eno1895","818-SCAR","bakat","scar","bekas luka","","stokhof1987"
819,"229","eno1895","819-BLIND","boetå","blind","buta","","stokhof1987"
820,"255","eno1895","820-FATHER","ĕbak","father","ayah","","stokhof1987"
821,"256","eno1895","821-MOTHER","ĕmak","mother","ibu","","stokhof1987"
822,"1197","eno1895","822-NA","loepå","to have forgotten something","lupa","","stokhof1987"
823,"21","eno1895","823-CHEEK","epāpā","cheek","pipi","","stokhof1987"
824,"25","eno1895","824-LIP","koerīpŏ","lips","bibir (jamak)","","stokhof1987"
825,"30","eno1895","825-BEARD","parorīpŏ","beard","janggut","","stokhof1987"
826,"61","eno1895","826-NAVEL","èpoekŏ","navel","pusat","","stokhof1987"
827,"93","eno1895","827-CALF OF LEG","piŏ-piŏ","calf","betis","","stokhof1987"
828,"99","eno1895","828-ARMPIT","arŏpāā","armpit","ketiak","","stokhof1987"
829,"100","eno1895","829-ELBOW","èpoe(k)oe apŏ","elbow","siku","","stokhof1987"
830,"102","eno1895","830-PALM OF HAND","hèoafĕ (hèoapo)","palm of the hand","telapak tangan","","stokhof1987"
831,"122/123","eno1895","831-NA","poeroeroe","hair","rambut","","stokhof1987"
832,"133","eno1895","832-FULL","wapiaka","satisfied","kenyang, puas","","stokhof1987"
833,"169","eno1895","833-SNEEZE","éāpākoe","to sneeze","bersin","","stokhof1987"
834,"199","eno1895","834-SICK","kapoehŏ","ill","sakit","","stokhof1987"
835,"227","eno1895","835-MUTE PERSON","kipĕrai èdio","mute","bisu","","stokhof1987"
836,"228","eno1895","836-DEAF PERSON","kipĕ hŏdŏ","deaf","tuli","","stokhof1987"
837,"326","eno1895","837-COUNTRY","èloppo","country","negara","","stokhof1987"
838,"400","eno1895","838-FINE (PENALTY)","èhouka","fine","denda","","stokhof1987"
839,"410","eno1895","839-DIVORCE (SEPARATE)","pakoewĕ","to divorce","bercerai","","stokhof1987"
840,"437","eno1895","840-HOUSE","èoba","house","rumah","","stokhof1987"
841,"467","eno1895","841-PILLOW","pakoeroe","cylindrical bolster","(bantal) guling","","stokhof1987"
842,"474","eno1895","842-FIREPLACE","èhaĕ","hearth, fireplace","dapur, tungku","","stokhof1987"
843,"484","eno1895","843-FIREWOOD","roehoekiĕ(k)","fire wood","kayu api","","stokhof1987"
844,"508","eno1895","844-SMALL KNIFE","pèdjiè","dagger","golok","","stokhof1987"
845,"520","eno1895","845-WARDROBE","èoeba","case for cloth","peti pakaian","","stokhof1987"
846,"549","eno1895","846-GRANARY","kararo","rice barn","lumbung beras, lumbung padi","","stokhof1987"
847,"583","eno1895","847-EARRING","karieha","earclip","subang","","stokhof1987"
848,"626","eno1895","848-WAR","pabŏrikī","war","perang","","stokhof1987"
849,"365","eno1895","849-NA","èpieĕ","population","penduduk","","stokhof1987"
850,"659","eno1895","850-NA","koepadŏ","fence, hedge","pagar","","stokhof1987"
851,"727","eno1895","851-NA","èŏroe","Morinda atrocarpus","mangkudu","","stokhof1987"
852,"748","eno1895","852-NA","èoedie","bark","kulit kayu","","stokhof1987"
853,"753","eno1895","853-NA","èŏroe","betel","sirih","","stokhof1987"
854,"786","eno1895","854-NA","èpa èpa","wing","sayap","","stokhof1987"
855,"813","eno1895","855-NA","mèo","cat","kucing","","stokhof1987"
856,"877","eno1895","856-MOSQUITO","èoepoekŏ","mosquito","nyamuk","(EN: mosquito bite; ID: bintat) <93>","stokhof1987"
857,"878","eno1895","857-BUTTERFLY","èpŏŏpa","butterfly","kupu-kupu","","stokhof1987"
858,"879","eno1895","858-CATERPILLAR","kŏpènè","caterpillar","ulat (bulu)","","stokhof1987"
859,"896","eno1895","859-FROG","èpèo(k)","frog","katak","","stokhof1987"
860,"913","eno1895","860-SUNRISE","kokona","sunrise","matahari terbit","","stokhof1987"
861,"927","eno1895","861-NA","erihŏ","earthquake","gempa bumi","pana (EN:- ; ID: gojang) <94>","stokhof1987"
862,"970","eno1895","862-NA","èloppo","earth (ground)","tanah","","stokhof1987"
863,"971","eno1895","863-NA","ĕrŏōrai","sand","pasir","","stokhof1987"
864,"1007","eno1895","864-NA","èorie","price","harga","","stokhof1987"
865,"1011","eno1895","865-NA","moko èarie","expensive","mahal","","stokhof1987"
866,"1019","eno1895","866-NA","pakèlie","to exchange","menukar","","stokhof1987"
867,"1113","eno1895","867-NA","aijĕpoho","broad","luas, lebar","","stokhof1987"
868,"1130","eno1895","868-NA","kaoewa","good","baik, bagus","","stokhof1987"
869,"1143","eno1895","869-NA","kipamo","full","penuh","panakonĕ (EN:- ; ID: genap) <95>","stokhof1987"
870,"1148","eno1895","870-NA","kipèora(k)","loose","lepas","","stokhof1987"
871,"1194","eno1895","871-NA","pōhōja(k)","to think","berpikir","","stokhof1987"
872,"1210","eno1895","872-NA","kahapariek","to work","bekerja","","stokhof1987"
873,"1330","eno1895","873-NA","aoedoe","first (in space)","pertama","","stokhof1987"
874,"1338","eno1895","874-NA","apiha","how much, how many","berapa","","stokhof1987"
875,"1417","eno1895","875-NA","naapè","a moment","seketika, sebentar","","stokhof1987"
876,"1423","eno1895","876-NA","raikaha diĕ","the day after tomorrow","lusa","","stokhof1987"
877,"1435","eno1895","877-NA","èèpè","left","kiri","","stokhof1987"
878,"1436","eno1895","878-NA","edoeba","right","kanan","","stokhof1987"
